name,parent,kind,scope,description,group_label,tax_code,is_hidden
Business Income,,income,business,Top-level type for all business income categories.,Business Income,,false
Business Expenses,,expense,business,Top-level type for all business expense categories.,Business Expenses,,false
Personal Income,,income,personal,Top-level type for all personal income categories.,Personal Income,,false
Personal Expenses,,expense,personal,Top-level type for all personal expense categories.,Personal Expenses,,false
Investments,,investment,personal,Top-level type for investment activity; descendants may use personal or business scope.,Investments,,false
Transfers,,transfer,personal,Top-level type for non-income/non-expense money movements; descendants may use personal or business scope.,Transfers,,false
Income Sources,Personal Income,income,personal,Personal and household income,Personal Income,,false
Salary & Employment Income,Income Sources,income,personal,Salary & Employment Income related to Income,Personal Income,,false
Salary,Salary & Employment Income,income,personal,Salary related to Income,Personal Income,,false
Regular Salary,Salary,income,personal,Regular Salary related to Income,Personal Income,,false
Salary Arrears,Salary,income,personal,Salary Arrears related to Income,Personal Income,,false
Final Settlement,Salary,income,personal,Final Settlement related to Income,Personal Income,,false
Bonus,Salary & Employment Income,income,personal,Bonus related to Income,Personal Income,,false
Performance Bonus,Bonus,income,personal,Performance Bonus related to Income,Personal Income,,false
Joining Bonus,Bonus,income,personal,Joining Bonus related to Income,Personal Income,,false
Retention Bonus,Bonus,income,personal,Retention Bonus related to Income,Personal Income,,false
Annual Bonus,Bonus,income,personal,Annual Bonus related to Income,Personal Income,,false
Festival Bonus,Bonus,income,personal,Festival Bonus related to Income,Personal Income,,false
Allowances,Salary & Employment Income,income,personal,Allowances related to Income,Personal Income,,false
House Rent Allowance (HRA),Allowances,income,personal,House Rent Allowance (HRA) related to Income,Personal Income,,false
Travel Allowance,Allowances,income,personal,Travel Allowance related to Income,Personal Income,,false
Meal Allowance,Allowances,income,personal,Meal Allowance related to Income,Personal Income,,false
Phone Allowance,Allowances,income,personal,Phone Allowance related to Income,Personal Income,,false
Internet Allowance,Allowances,income,personal,Internet Allowance related to Income,Personal Income,,false
Shift Allowance,Allowances,income,personal,Shift Allowance related to Income,Personal Income,,false
Special Allowance,Allowances,income,personal,Special Allowance related to Income,Personal Income,,false
Commission & Incentives,Salary & Employment Income,income,personal,Commission & Incentives related to Income,Personal Income,,false
Sales Commission,Commission & Incentives,income,personal,Sales Commission related to Income,Personal Income,,false
Performance Incentive,Commission & Incentives,income,personal,Performance Incentive related to Income,Personal Income,,false
Referral Incentive,Commission & Incentives,income,personal,Referral Incentive related to Income,Personal Income,,false
Overtime & Variable Pay,Salary & Employment Income,income,personal,Overtime & Variable Pay related to Income,Personal Income,,false
Overtime Pay,Overtime & Variable Pay,income,personal,Overtime Pay related to Income,Personal Income,,false
Variable Pay,Overtime & Variable Pay,income,personal,Variable Pay related to Income,Personal Income,,false
Freelance & Professional Income,Income Sources,income,personal,Freelance & Professional Income related to Income,Personal Income,,false
Freelancing,Freelance & Professional Income,income,personal,Freelancing related to Income,Personal Income,,false
Project Fees,Freelancing,income,personal,Project Fees related to Income,Personal Income,,false
Hourly Fees,Freelancing,income,personal,Hourly Fees related to Income,Personal Income,,false
Retainer Income,Freelancing,income,personal,Retainer Income related to Income,Personal Income,,false
Consulting,Freelance & Professional Income,income,personal,Consulting related to Income,Personal Income,,false
Consulting Fees,Consulting,income,personal,Consulting Fees related to Income,Personal Income,,false
Advisory Fees,Consulting,income,personal,Advisory Fees related to Income,Personal Income,,false
Content & Creator Income,Freelance & Professional Income,income,personal,Content & Creator Income related to Income,Personal Income,,false
Advertising Revenue,Content & Creator Income,income,personal,Advertising Revenue related to Income,Personal Income,,false
Sponsorship Income,Content & Creator Income,income,personal,Sponsorship Income related to Income,Personal Income,,false
Affiliate Income,Content & Creator Income,income,personal,Affiliate Income related to Income,Personal Income,,false
Royalty Income,Content & Creator Income,income,personal,Royalty Income related to Income,Personal Income,,false
Rental & Property Income,Income Sources,income,personal,Rental & Property Income related to Income,Personal Income,,false
Residential Rental Income,Rental & Property Income,income,personal,Residential Rental Income related to Income,Personal Income,,false
Flat Rent,Residential Rental Income,income,personal,Flat Rent related to Income,Personal Income,,false
House Rent,Residential Rental Income,income,personal,House Rent related to Income,Personal Income,,false
Room Rent,Residential Rental Income,income,personal,Room Rent related to Income,Personal Income,,false
Commercial Rental Income,Rental & Property Income,income,personal,Commercial Rental Income related to Income,Personal Income,,false
Office Rent,Commercial Rental Income,income,personal,Office Rent related to Income,Personal Income,,false
Shop Rent,Commercial Rental Income,income,personal,Shop Rent related to Income,Personal Income,,false
Warehouse Rent,Commercial Rental Income,income,personal,Warehouse Rent related to Income,Personal Income,,false
Interest & Investment Income,Income Sources,income,personal,Interest & Investment Income related to Income,Personal Income,,false
Interest Income,Interest & Investment Income,income,personal,Interest Income related to Income,Personal Income,,false
Savings Account Interest,Interest Income,income,personal,Savings Account Interest related to Income,Personal Income,,false
Fixed Deposit Interest,Interest Income,income,personal,Fixed Deposit Interest related to Income,Personal Income,,false
Recurring Deposit Interest,Interest Income,income,personal,Recurring Deposit Interest related to Income,Personal Income,,false
Bond Interest,Interest Income,income,personal,Bond Interest related to Income,Personal Income,,false
Dividend Income,Interest & Investment Income,income,personal,Dividend Income related to Income,Personal Income,,false
Stock Dividend,Dividend Income,income,personal,Stock Dividend related to Income,Personal Income,,false
Mutual Fund Dividend,Dividend Income,income,personal,Mutual Fund Dividend related to Income,Personal Income,,false
Capital Gains,Interest & Investment Income,income,personal,Capital Gains related to Income,Personal Income,,false
Equity Capital Gains,Capital Gains,income,personal,Equity Capital Gains related to Income,Personal Income,,false
Mutual Fund Capital Gains,Capital Gains,income,personal,Mutual Fund Capital Gains related to Income,Personal Income,,false
Property Capital Gains,Capital Gains,income,personal,Property Capital Gains related to Income,Personal Income,,false
Gold Capital Gains,Capital Gains,income,personal,Gold Capital Gains related to Income,Personal Income,,false
Government & Pension Income,Income Sources,income,personal,Government & Pension Income related to Income,Personal Income,,false
Pension,Government & Pension Income,income,personal,Pension related to Income,Personal Income,,false
Government Pension,Pension,income,personal,Government Pension related to Income,Personal Income,,false
Private Pension,Pension,income,personal,Private Pension related to Income,Personal Income,,false
Family Pension,Pension,income,personal,Family Pension related to Income,Personal Income,,false
Government Benefits,Government & Pension Income,income,personal,Government Benefits related to Income,Personal Income,,false
Subsidy,Government Benefits,income,personal,Subsidy related to Income,Personal Income,,false
Scholarship,Government Benefits,income,personal,Scholarship related to Income,Personal Income,,false
DBT Benefit,Government Benefits,income,personal,DBT Benefit related to Income,Personal Income,,false
PM-KISAN Receipt,Government Benefits,income,personal,PM-KISAN Receipt related to Income,Personal Income,,false
Other Income,Income Sources,income,personal,Other Income related to Income,Personal Income,,false
Cashback & Rewards,Other Income,income,personal,Cashback & Rewards related to Income,Personal Income,,false
Credit Card Cashback,Cashback & Rewards,income,personal,Credit Card Cashback related to Income,Personal Income,,false
UPI Cashback,Cashback & Rewards,income,personal,UPI Cashback related to Income,Personal Income,,false
Wallet Cashback,Cashback & Rewards,income,personal,Wallet Cashback related to Income,Personal Income,,false
Loyalty Rewards,Cashback & Rewards,income,personal,Loyalty Rewards related to Income,Personal Income,,false
Gifts Received,Other Income,income,personal,Gifts Received related to Income,Personal Income,,false
Family Gift,Gifts Received,income,personal,Family Gift related to Income,Personal Income,,false
Wedding Gift,Gifts Received,income,personal,Wedding Gift related to Income,Personal Income,,false
Festival Gift,Gifts Received,income,personal,Festival Gift related to Income,Personal Income,,false
Prize & Winnings,Other Income,income,personal,Prize & Winnings related to Income,Personal Income,,false
Contest Prize,Prize & Winnings,income,personal,Contest Prize related to Income,Personal Income,,false
Lottery Winnings,Prize & Winnings,income,personal,Lottery Winnings related to Income,Personal Income,,false
Game Winnings,Prize & Winnings,income,personal,Game Winnings related to Income,Personal Income,,false
Miscellaneous Income,Other Income,income,personal,Miscellaneous Income related to Income,Personal Income,,false
One-time Income,Miscellaneous Income,income,personal,One-time Income related to Income,Personal Income,,false
Other Credit,Miscellaneous Income,income,personal,Other Credit related to Income,Personal Income,,false
Housing & Rent,Personal Expenses,expense,personal,"Housing, rent, society and property costs",Personal Expenses,,false
Rent,Housing & Rent,expense,personal,Rent related to Housing & Rent,Personal Expenses,,false
Residential Rent,Rent,expense,personal,Residential Rent related to Housing & Rent,Personal Expenses,,false
Apartment Rent,Residential Rent,expense,personal,Apartment Rent related to Housing & Rent,Personal Expenses,,false
House Rent,Residential Rent,expense,personal,House Rent related to Housing & Rent,Personal Expenses,,false
PG / Hostel Rent,Residential Rent,expense,personal,PG / Hostel Rent related to Housing & Rent,Personal Expenses,,false
Shared Accommodation,Residential Rent,expense,personal,Shared Accommodation related to Housing & Rent,Personal Expenses,,false
Additional Rent,Rent,expense,personal,Additional Rent related to Housing & Rent,Personal Expenses,,false
Parking Rent,Additional Rent,expense,personal,Parking Rent related to Housing & Rent,Personal Expenses,,false
Storage Rent,Additional Rent,expense,personal,Storage Rent related to Housing & Rent,Personal Expenses,,false
Home Loan & Mortgage,Housing & Rent,expense,personal,Home Loan & Mortgage related to Housing & Rent,Personal Expenses,,false
EMI Components,Home Loan & Mortgage,expense,personal,EMI Components related to Housing & Rent,Personal Expenses,,false
Principal Component,EMI Components,expense,personal,Principal Component related to Housing & Rent,Personal Expenses,,false
Interest Component,EMI Components,expense,personal,Interest Component related to Housing & Rent,Personal Expenses,,false
Loan Charges,Home Loan & Mortgage,expense,personal,Loan Charges related to Housing & Rent,Personal Expenses,,false
Processing Fee,Loan Charges,expense,personal,Processing Fee related to Housing & Rent,Personal Expenses,,false
Legal Fee,Loan Charges,expense,personal,Legal Fee related to Housing & Rent,Personal Expenses,,false
Valuation Fee,Loan Charges,expense,personal,Valuation Fee related to Housing & Rent,Personal Expenses,,false
Prepayment Charge,Loan Charges,expense,personal,Prepayment Charge related to Housing & Rent,Personal Expenses,,false
Society & Building Charges,Housing & Rent,expense,personal,Society & Building Charges related to Housing & Rent,Personal Expenses,,false
Society Maintenance,Society & Building Charges,expense,personal,Society Maintenance related to Housing & Rent,Personal Expenses,,false
Monthly Maintenance,Society Maintenance,expense,personal,Monthly Maintenance related to Housing & Rent,Personal Expenses,,false
Sinking Fund,Society Maintenance,expense,personal,Sinking Fund related to Housing & Rent,Personal Expenses,,false
Repair Fund,Society Maintenance,expense,personal,Repair Fund related to Housing & Rent,Personal Expenses,,false
Building Charges,Society & Building Charges,expense,personal,Building Charges related to Housing & Rent,Personal Expenses,,false
Common Electricity,Building Charges,expense,personal,Common Electricity related to Housing & Rent,Personal Expenses,,false
Water Charges,Building Charges,expense,personal,Water Charges related to Housing & Rent,Personal Expenses,,false
Security Charges,Building Charges,expense,personal,Security Charges related to Housing & Rent,Personal Expenses,,false
Clubhouse Charges,Building Charges,expense,personal,Clubhouse Charges related to Housing & Rent,Personal Expenses,,false
Property Ownership Costs,Housing & Rent,expense,personal,Property Ownership Costs related to Housing & Rent,Personal Expenses,,false
Property Tax,Property Ownership Costs,expense,personal,Property Tax related to Housing & Rent,Personal Expenses,,false
Municipal Property Tax,Property Tax,expense,personal,Municipal Property Tax related to Housing & Rent,Personal Expenses,,false
Panchayat Property Tax,Property Tax,expense,personal,Panchayat Property Tax related to Housing & Rent,Personal Expenses,,false
Ground Rent,Property Ownership Costs,expense,personal,Ground Rent related to Housing & Rent,Personal Expenses,,false
Lease Rent,Ground Rent,expense,personal,Lease Rent related to Housing & Rent,Personal Expenses,,false
Property Insurance,Property Ownership Costs,expense,personal,Property Insurance related to Housing & Rent,Personal Expenses,,false
Building Cover,Property Insurance,expense,personal,Building Cover related to Housing & Rent,Personal Expenses,,false
Contents Cover,Property Insurance,expense,personal,Contents Cover related to Housing & Rent,Personal Expenses,,false
Home Repairs,Housing & Rent,expense,personal,Home Repairs related to Housing & Rent,Personal Expenses,,false
Plumbing,Home Repairs,expense,personal,Plumbing related to Housing & Rent,Personal Expenses,,false
Pipe Repair,Plumbing,expense,personal,Pipe Repair related to Housing & Rent,Personal Expenses,,false
Bathroom Repair,Plumbing,expense,personal,Bathroom Repair related to Housing & Rent,Personal Expenses,,false
Water Tank Repair,Plumbing,expense,personal,Water Tank Repair related to Housing & Rent,Personal Expenses,,false
Electrical,Home Repairs,expense,personal,Electrical related to Housing & Rent,Personal Expenses,,false
Wiring Repair,Electrical,expense,personal,Wiring Repair related to Housing & Rent,Personal Expenses,,false
Switches & Fixtures,Electrical,expense,personal,Switches & Fixtures related to Housing & Rent,Personal Expenses,,false
Inverter Wiring,Electrical,expense,personal,Inverter Wiring related to Housing & Rent,Personal Expenses,,false
Carpentry,Home Repairs,expense,personal,Carpentry related to Housing & Rent,Personal Expenses,,false
Door Repair,Carpentry,expense,personal,Door Repair related to Housing & Rent,Personal Expenses,,false
Furniture Repair,Carpentry,expense,personal,Furniture Repair related to Housing & Rent,Personal Expenses,,false
Painting,Home Repairs,expense,personal,Painting related to Housing & Rent,Personal Expenses,,false
Interior Painting,Painting,expense,personal,Interior Painting related to Housing & Rent,Personal Expenses,,false
Exterior Painting,Painting,expense,personal,Exterior Painting related to Housing & Rent,Personal Expenses,,false
Masonry,Home Repairs,expense,personal,Masonry related to Housing & Rent,Personal Expenses,,false
Tile Repair,Masonry,expense,personal,Tile Repair related to Housing & Rent,Personal Expenses,,false
Wall Repair,Masonry,expense,personal,Wall Repair related to Housing & Rent,Personal Expenses,,false
Waterproofing,Masonry,expense,personal,Waterproofing related to Housing & Rent,Personal Expenses,,false
Home Improvement,Housing & Rent,expense,personal,Home Improvement related to Housing & Rent,Personal Expenses,,false
Renovation,Home Improvement,expense,personal,Renovation related to Housing & Rent,Personal Expenses,,false
Kitchen Renovation,Renovation,expense,personal,Kitchen Renovation related to Housing & Rent,Personal Expenses,,false
Bathroom Renovation,Renovation,expense,personal,Bathroom Renovation related to Housing & Rent,Personal Expenses,,false
Interior Renovation,Renovation,expense,personal,Interior Renovation related to Housing & Rent,Personal Expenses,,false
Fixtures,Home Improvement,expense,personal,Fixtures related to Housing & Rent,Personal Expenses,,false
Lighting Fixtures,Fixtures,expense,personal,Lighting Fixtures related to Housing & Rent,Personal Expenses,,false
Sanitary Fixtures,Fixtures,expense,personal,Sanitary Fixtures related to Housing & Rent,Personal Expenses,,false
Curtains & Blinds,Fixtures,expense,personal,Curtains & Blinds related to Housing & Rent,Personal Expenses,,false
Household Utilities,Personal Expenses,expense,personal,Recurring household utility bills,Personal Expenses,,false
Electricity,Household Utilities,expense,personal,Electricity related to Household Utilities,Personal Expenses,,false
Electricity Bill,Electricity,expense,personal,Electricity Bill related to Household Utilities,Personal Expenses,,false
State DISCOM Bill,Electricity Bill,expense,personal,State DISCOM Bill related to Household Utilities,Personal Expenses,,false
Prepaid Meter Recharge,Electricity Bill,expense,personal,Prepaid Meter Recharge related to Household Utilities,Personal Expenses,,false
Backup Power,Electricity,expense,personal,Backup Power related to Household Utilities,Personal Expenses,,false
Inverter Battery,Backup Power,expense,personal,Inverter Battery related to Household Utilities,Personal Expenses,,false
Generator Fuel,Backup Power,expense,personal,Generator Fuel related to Household Utilities,Personal Expenses,,false
Water,Household Utilities,expense,personal,Water related to Household Utilities,Personal Expenses,,false
Water Bill,Water,expense,personal,Water Bill related to Household Utilities,Personal Expenses,,false
Municipal Water,Water Bill,expense,personal,Municipal Water related to Household Utilities,Personal Expenses,,false
Society Water,Water Bill,expense,personal,Society Water related to Household Utilities,Personal Expenses,,false
Water Supply,Water,expense,personal,Water Supply related to Household Utilities,Personal Expenses,,false
Water Tanker,Water Supply,expense,personal,Water Tanker related to Household Utilities,Personal Expenses,,false
RO Water Cans,Water Supply,expense,personal,RO Water Cans related to Household Utilities,Personal Expenses,,false
Cooking Gas,Household Utilities,expense,personal,Cooking Gas related to Household Utilities,Personal Expenses,,false
LPG,Cooking Gas,expense,personal,LPG related to Household Utilities,Personal Expenses,,false
Domestic LPG Cylinder,LPG,expense,personal,Domestic LPG Cylinder related to Household Utilities,Personal Expenses,,false
LPG Refill Delivery,LPG,expense,personal,LPG Refill Delivery related to Household Utilities,Personal Expenses,,false
Piped Gas,Cooking Gas,expense,personal,Piped Gas related to Household Utilities,Personal Expenses,,false
PNG Monthly Bill,Piped Gas,expense,personal,PNG Monthly Bill related to Household Utilities,Personal Expenses,,false
Mobile & Telecom,Household Utilities,expense,personal,Mobile & Telecom related to Household Utilities,Personal Expenses,,false
Mobile Recharge,Mobile & Telecom,expense,personal,Mobile Recharge related to Household Utilities,Personal Expenses,,false
Prepaid Recharge,Mobile Recharge,expense,personal,Prepaid Recharge related to Household Utilities,Personal Expenses,,false
Data Pack,Mobile Recharge,expense,personal,Data Pack related to Household Utilities,Personal Expenses,,false
Postpaid Mobile,Mobile & Telecom,expense,personal,Postpaid Mobile related to Household Utilities,Personal Expenses,,false
Monthly Bill,Postpaid Mobile,expense,personal,Monthly Bill related to Household Utilities,Personal Expenses,,false
Roaming Charges,Postpaid Mobile,expense,personal,Roaming Charges related to Household Utilities,Personal Expenses,,false
Landline,Mobile & Telecom,expense,personal,Landline related to Household Utilities,Personal Expenses,,false
Landline Bill,Landline,expense,personal,Landline Bill related to Household Utilities,Personal Expenses,,false
Internet,Household Utilities,expense,personal,Internet related to Household Utilities,Personal Expenses,,false
Broadband,Internet,expense,personal,Broadband related to Household Utilities,Personal Expenses,,false
Fiber Broadband,Broadband,expense,personal,Fiber Broadband related to Household Utilities,Personal Expenses,,false
DSL Broadband,Broadband,expense,personal,DSL Broadband related to Household Utilities,Personal Expenses,,false
Mobile Data,Internet,expense,personal,Mobile Data related to Household Utilities,Personal Expenses,,false
Data Add-on,Mobile Data,expense,personal,Data Add-on related to Household Utilities,Personal Expenses,,false
Hotspot Plan,Mobile Data,expense,personal,Hotspot Plan related to Household Utilities,Personal Expenses,,false
Television,Household Utilities,expense,personal,Television related to Household Utilities,Personal Expenses,,false
DTH,Television,expense,personal,DTH related to Household Utilities,Personal Expenses,,false
DTH Recharge,DTH,expense,personal,DTH Recharge related to Household Utilities,Personal Expenses,,false
Channel Pack,DTH,expense,personal,Channel Pack related to Household Utilities,Personal Expenses,,false
Cable TV,Television,expense,personal,Cable TV related to Household Utilities,Personal Expenses,,false
Monthly Cable Bill,Cable TV,expense,personal,Monthly Cable Bill related to Household Utilities,Personal Expenses,,false
Waste & Sanitation,Household Utilities,expense,personal,Waste & Sanitation related to Household Utilities,Personal Expenses,,false
Garbage Collection,Waste & Sanitation,expense,personal,Garbage Collection related to Household Utilities,Personal Expenses,,false
Municipal Fee,Garbage Collection,expense,personal,Municipal Fee related to Household Utilities,Personal Expenses,,false
Private Collection,Garbage Collection,expense,personal,Private Collection related to Household Utilities,Personal Expenses,,false
Sewerage,Waste & Sanitation,expense,personal,Sewerage related to Household Utilities,Personal Expenses,,false
Sewer Charge,Sewerage,expense,personal,Sewer Charge related to Household Utilities,Personal Expenses,,false
Septic Cleaning,Sewerage,expense,personal,Septic Cleaning related to Household Utilities,Personal Expenses,,false
Groceries & Daily Needs,Personal Expenses,expense,personal,"Kirana, supermarket and daily household purchases",Personal Expenses,,false
Kirana & Supermarket,Groceries & Daily Needs,expense,personal,Kirana & Supermarket related to Groceries & Daily Needs,Personal Expenses,,false
Staples,Kirana & Supermarket,expense,personal,Staples related to Groceries & Daily Needs,Personal Expenses,,false
Rice,Staples,expense,personal,Rice related to Groceries & Daily Needs,Personal Expenses,,false
Wheat / Atta,Staples,expense,personal,Wheat / Atta related to Groceries & Daily Needs,Personal Expenses,,false
Pulses / Dal,Staples,expense,personal,Pulses / Dal related to Groceries & Daily Needs,Personal Expenses,,false
Flour & Grains,Staples,expense,personal,Flour & Grains related to Groceries & Daily Needs,Personal Expenses,,false
Cooking Essentials,Kirana & Supermarket,expense,personal,Cooking Essentials related to Groceries & Daily Needs,Personal Expenses,,false
Cooking Oil,Cooking Essentials,expense,personal,Cooking Oil related to Groceries & Daily Needs,Personal Expenses,,false
Ghee,Cooking Essentials,expense,personal,Ghee related to Groceries & Daily Needs,Personal Expenses,,false
Salt,Cooking Essentials,expense,personal,Salt related to Groceries & Daily Needs,Personal Expenses,,false
Sugar,Cooking Essentials,expense,personal,Sugar related to Groceries & Daily Needs,Personal Expenses,,false
Spices / Masala,Cooking Essentials,expense,personal,Spices / Masala related to Groceries & Daily Needs,Personal Expenses,,false
Packaged Food,Kirana & Supermarket,expense,personal,Packaged Food related to Groceries & Daily Needs,Personal Expenses,,false
Biscuits,Packaged Food,expense,personal,Biscuits related to Groceries & Daily Needs,Personal Expenses,,false
Namkeen,Packaged Food,expense,personal,Namkeen related to Groceries & Daily Needs,Personal Expenses,,false
Breakfast Cereals,Packaged Food,expense,personal,Breakfast Cereals related to Groceries & Daily Needs,Personal Expenses,,false
Instant Food,Packaged Food,expense,personal,Instant Food related to Groceries & Daily Needs,Personal Expenses,,false
Fresh Produce,Groceries & Daily Needs,expense,personal,Fresh Produce related to Groceries & Daily Needs,Personal Expenses,,false
Vegetables,Fresh Produce,expense,personal,Vegetables related to Groceries & Daily Needs,Personal Expenses,,false
Leafy Vegetables,Vegetables,expense,personal,Leafy Vegetables related to Groceries & Daily Needs,Personal Expenses,,false
Root Vegetables,Vegetables,expense,personal,Root Vegetables related to Groceries & Daily Needs,Personal Expenses,,false
Other Vegetables,Vegetables,expense,personal,Other Vegetables related to Groceries & Daily Needs,Personal Expenses,,false
Fruits,Fresh Produce,expense,personal,Fruits related to Groceries & Daily Needs,Personal Expenses,,false
Seasonal Fruits,Fruits,expense,personal,Seasonal Fruits related to Groceries & Daily Needs,Personal Expenses,,false
Imported Fruits,Fruits,expense,personal,Imported Fruits related to Groceries & Daily Needs,Personal Expenses,,false
Dairy & Eggs,Groceries & Daily Needs,expense,personal,Dairy & Eggs related to Groceries & Daily Needs,Personal Expenses,,false
Dairy,Dairy & Eggs,expense,personal,Dairy related to Groceries & Daily Needs,Personal Expenses,,false
Milk,Dairy,expense,personal,Milk related to Groceries & Daily Needs,Personal Expenses,,false
Curd / Yogurt,Dairy,expense,personal,Curd / Yogurt related to Groceries & Daily Needs,Personal Expenses,,false
Paneer,Dairy,expense,personal,Paneer related to Groceries & Daily Needs,Personal Expenses,,false
Cheese,Dairy,expense,personal,Cheese related to Groceries & Daily Needs,Personal Expenses,,false
Butter,Dairy,expense,personal,Butter related to Groceries & Daily Needs,Personal Expenses,,false
Eggs,Dairy & Eggs,expense,personal,Eggs related to Groceries & Daily Needs,Personal Expenses,,false
Egg Purchases,Eggs,expense,personal,Eggs related to Groceries & Daily Needs,Personal Expenses,,false
Meat & Seafood,Groceries & Daily Needs,expense,personal,Meat & Seafood related to Groceries & Daily Needs,Personal Expenses,,false
Poultry,Meat & Seafood,expense,personal,Poultry related to Groceries & Daily Needs,Personal Expenses,,false
Chicken,Poultry,expense,personal,Chicken related to Groceries & Daily Needs,Personal Expenses,,false
Meat,Meat & Seafood,expense,personal,Meat related to Groceries & Daily Needs,Personal Expenses,,false
Mutton / Goat,Meat,expense,personal,Mutton / Goat related to Groceries & Daily Needs,Personal Expenses,,false
Other Meat,Meat,expense,personal,Other Meat related to Groceries & Daily Needs,Personal Expenses,,false
Seafood,Meat & Seafood,expense,personal,Seafood related to Groceries & Daily Needs,Personal Expenses,,false
Fish,Seafood,expense,personal,Fish related to Groceries & Daily Needs,Personal Expenses,,false
Prawns / Shellfish,Seafood,expense,personal,Prawns / Shellfish related to Groceries & Daily Needs,Personal Expenses,,false
Bakery & Snacks,Groceries & Daily Needs,expense,personal,Bakery & Snacks related to Groceries & Daily Needs,Personal Expenses,,false
Bakery,Bakery & Snacks,expense,personal,Bakery related to Groceries & Daily Needs,Personal Expenses,,false
Bread,Bakery,expense,personal,Bread related to Groceries & Daily Needs,Personal Expenses,,false
Cakes,Bakery,expense,personal,Cakes related to Groceries & Daily Needs,Personal Expenses,,false
Pastries,Bakery,expense,personal,Pastries related to Groceries & Daily Needs,Personal Expenses,,false
Snacks,Bakery & Snacks,expense,personal,Snacks related to Groceries & Daily Needs,Personal Expenses,,false
Chips,Snacks,expense,personal,Chips related to Groceries & Daily Needs,Personal Expenses,,false
Namkeen,Snacks,expense,personal,Namkeen related to Groceries & Daily Needs,Personal Expenses,,false
Sweets / Mithai,Snacks,expense,personal,Sweets / Mithai related to Groceries & Daily Needs,Personal Expenses,,false
Beverages,Groceries & Daily Needs,expense,personal,Beverages related to Groceries & Daily Needs,Personal Expenses,,false
Tea & Coffee,Beverages,expense,personal,Tea & Coffee related to Groceries & Daily Needs,Personal Expenses,,false
Tea,Tea & Coffee,expense,personal,Tea related to Groceries & Daily Needs,Personal Expenses,,false
Coffee,Tea & Coffee,expense,personal,Coffee related to Groceries & Daily Needs,Personal Expenses,,false
Soft Beverages,Beverages,expense,personal,Soft Beverages related to Groceries & Daily Needs,Personal Expenses,,false
Soft Drinks,Soft Beverages,expense,personal,Soft Drinks related to Groceries & Daily Needs,Personal Expenses,,false
Juices,Soft Beverages,expense,personal,Juices related to Groceries & Daily Needs,Personal Expenses,,false
Packaged Water,Soft Beverages,expense,personal,Packaged Water related to Groceries & Daily Needs,Personal Expenses,,false
Household Consumables,Groceries & Daily Needs,expense,personal,Household Consumables related to Groceries & Daily Needs,Personal Expenses,,false
Cleaning Supplies,Household Consumables,expense,personal,Cleaning Supplies related to Groceries & Daily Needs,Personal Expenses,,false
Detergent,Cleaning Supplies,expense,personal,Detergent related to Groceries & Daily Needs,Personal Expenses,,false
Dishwashing,Cleaning Supplies,expense,personal,Dishwashing related to Groceries & Daily Needs,Personal Expenses,,false
Floor Cleaner,Cleaning Supplies,expense,personal,Floor Cleaner related to Groceries & Daily Needs,Personal Expenses,,false
Bathroom Cleaner,Cleaning Supplies,expense,personal,Bathroom Cleaner related to Groceries & Daily Needs,Personal Expenses,,false
Paper & Disposable,Household Consumables,expense,personal,Paper & Disposable related to Groceries & Daily Needs,Personal Expenses,,false
Tissues,Paper & Disposable,expense,personal,Tissues related to Groceries & Daily Needs,Personal Expenses,,false
Garbage Bags,Paper & Disposable,expense,personal,Garbage Bags related to Groceries & Daily Needs,Personal Expenses,,false
Foil / Cling Wrap,Paper & Disposable,expense,personal,Foil / Cling Wrap related to Groceries & Daily Needs,Personal Expenses,,false
Puja & Household Consumables,Household Consumables,expense,personal,Puja & Household Consumables related to Groceries & Daily Needs,Personal Expenses,,false
Agarbatti,Puja & Household Consumables,expense,personal,Agarbatti related to Groceries & Daily Needs,Personal Expenses,,false
Camphor,Puja & Household Consumables,expense,personal,Camphor related to Groceries & Daily Needs,Personal Expenses,,false
Diyas / Cotton Wicks,Puja & Household Consumables,expense,personal,Diyas / Cotton Wicks related to Groceries & Daily Needs,Personal Expenses,,false
Personal Daily Essentials,Groceries & Daily Needs,expense,personal,Personal Daily Essentials related to Groceries & Daily Needs,Personal Expenses,,false
Toiletries,Personal Daily Essentials,expense,personal,Toiletries related to Groceries & Daily Needs,Personal Expenses,,false
Soap,Toiletries,expense,personal,Soap related to Groceries & Daily Needs,Personal Expenses,,false
Shampoo,Toiletries,expense,personal,Shampoo related to Groceries & Daily Needs,Personal Expenses,,false
Toothpaste,Toiletries,expense,personal,Toothpaste related to Groceries & Daily Needs,Personal Expenses,,false
Sanitary Products,Toiletries,expense,personal,Sanitary Products related to Groceries & Daily Needs,Personal Expenses,,false
Baby Daily Needs,Personal Daily Essentials,expense,personal,Baby Daily Needs related to Groceries & Daily Needs,Personal Expenses,,false
Diapers,Baby Daily Needs,expense,personal,Diapers related to Groceries & Daily Needs,Personal Expenses,,false
Baby Wipes,Baby Daily Needs,expense,personal,Baby Wipes related to Groceries & Daily Needs,Personal Expenses,,false
Baby Formula,Baby Daily Needs,expense,personal,Baby Formula related to Groceries & Daily Needs,Personal Expenses,,false
Food & Dining,Personal Expenses,expense,personal,"Dining out, cafes and food delivery",Personal Expenses,,false
Restaurants,Food & Dining,expense,personal,Restaurants related to Food & Dining,Personal Expenses,,false
Casual Dining,Restaurants,expense,personal,Casual Dining related to Food & Dining,Personal Expenses,,false
Breakfast,Casual Dining,expense,personal,Breakfast related to Food & Dining,Personal Expenses,,false
Lunch,Casual Dining,expense,personal,Lunch related to Food & Dining,Personal Expenses,,false
Dinner,Casual Dining,expense,personal,Dinner related to Food & Dining,Personal Expenses,,false
Fine Dining,Restaurants,expense,personal,Fine Dining related to Food & Dining,Personal Expenses,,false
Lunch,Fine Dining,expense,personal,Lunch related to Food & Dining,Personal Expenses,,false
Dinner,Fine Dining,expense,personal,Dinner related to Food & Dining,Personal Expenses,,false
Fast Food,Restaurants,expense,personal,Fast Food related to Food & Dining,Personal Expenses,,false
Burgers,Fast Food,expense,personal,Burgers related to Food & Dining,Personal Expenses,,false
Pizza,Fast Food,expense,personal,Pizza related to Food & Dining,Personal Expenses,,false
Sandwiches / Wraps,Fast Food,expense,personal,Sandwiches / Wraps related to Food & Dining,Personal Expenses,,false
Indian Fast Food,Fast Food,expense,personal,Indian Fast Food related to Food & Dining,Personal Expenses,,false
Cafes & Tea,Food & Dining,expense,personal,Cafes & Tea related to Food & Dining,Personal Expenses,,false
Coffee Shops,Cafes & Tea,expense,personal,Coffee Shops related to Food & Dining,Personal Expenses,,false
Coffee,Coffee Shops,expense,personal,Coffee related to Food & Dining,Personal Expenses,,false
Tea,Coffee Shops,expense,personal,Tea related to Food & Dining,Personal Expenses,,false
Snacks,Coffee Shops,expense,personal,Snacks related to Food & Dining,Personal Expenses,,false
Tea Stalls,Cafes & Tea,expense,personal,Tea Stalls related to Food & Dining,Personal Expenses,,false
Chai,Tea Stalls,expense,personal,Chai related to Food & Dining,Personal Expenses,,false
Snacks,Tea Stalls,expense,personal,Snacks related to Food & Dining,Personal Expenses,,false
Food Delivery,Food & Dining,expense,personal,Food Delivery related to Food & Dining,Personal Expenses,,false
Restaurant Delivery,Food Delivery,expense,personal,Restaurant Delivery related to Food & Dining,Personal Expenses,,false
Meals,Restaurant Delivery,expense,personal,Meals related to Food & Dining,Personal Expenses,,false
Snacks,Restaurant Delivery,expense,personal,Snacks related to Food & Dining,Personal Expenses,,false
Desserts,Restaurant Delivery,expense,personal,Desserts related to Food & Dining,Personal Expenses,,false
Cloud Kitchen,Food Delivery,expense,personal,Cloud Kitchen related to Food & Dining,Personal Expenses,,false
Meals,Cloud Kitchen,expense,personal,Meals related to Food & Dining,Personal Expenses,,false
Office Food,Food & Dining,expense,personal,Office Food related to Food & Dining,Personal Expenses,,false
Office Lunch,Office Food,expense,personal,Office Lunch related to Food & Dining,Personal Expenses,,false
Canteen Lunch,Office Lunch,expense,personal,Canteen Lunch related to Food & Dining,Personal Expenses,,false
Ordered Lunch,Office Lunch,expense,personal,Ordered Lunch related to Food & Dining,Personal Expenses,,false
Office Snacks,Office Food,expense,personal,Office Snacks related to Food & Dining,Personal Expenses,,false
Tea / Coffee,Office Snacks,expense,personal,Tea / Coffee related to Food & Dining,Personal Expenses,,false
Snacks,Office Snacks,expense,personal,Snacks related to Food & Dining,Personal Expenses,,false
Street Food,Food & Dining,expense,personal,Street Food related to Food & Dining,Personal Expenses,,false
Indian Street Food,Street Food,expense,personal,Indian Street Food related to Food & Dining,Personal Expenses,,false
Chaat,Indian Street Food,expense,personal,Chaat related to Food & Dining,Personal Expenses,,false
Pani Puri,Indian Street Food,expense,personal,Pani Puri related to Food & Dining,Personal Expenses,,false
Vada Pav,Indian Street Food,expense,personal,Vada Pav related to Food & Dining,Personal Expenses,,false
Samosa / Kachori,Indian Street Food,expense,personal,Samosa / Kachori related to Food & Dining,Personal Expenses,,false
Dosa / Idli,Indian Street Food,expense,personal,Dosa / Idli related to Food & Dining,Personal Expenses,,false
Sweets & Desserts,Food & Dining,expense,personal,Sweets & Desserts related to Food & Dining,Personal Expenses,,false
Sweet Shops,Sweets & Desserts,expense,personal,Sweet Shops related to Food & Dining,Personal Expenses,,false
Mithai,Sweet Shops,expense,personal,Mithai related to Food & Dining,Personal Expenses,,false
Festival Sweets,Sweet Shops,expense,personal,Festival Sweets related to Food & Dining,Personal Expenses,,false
Desserts,Sweets & Desserts,expense,personal,Desserts related to Food & Dining,Personal Expenses,,false
Ice Cream,Desserts,expense,personal,Ice Cream related to Food & Dining,Personal Expenses,,false
Bakery Desserts,Desserts,expense,personal,Bakery Desserts related to Food & Dining,Personal Expenses,,false
Alcohol & Bars,Food & Dining,expense,personal,Alcohol & Bars related to Food & Dining,Personal Expenses,,false
Bars & Pubs,Alcohol & Bars,expense,personal,Bars & Pubs related to Food & Dining,Personal Expenses,,false
Drinks,Bars & Pubs,expense,personal,Drinks related to Food & Dining,Personal Expenses,,false
Food,Bars & Pubs,expense,personal,Food related to Food & Dining,Personal Expenses,,false
Alcohol Retail,Alcohol & Bars,expense,personal,Alcohol Retail related to Food & Dining,Personal Expenses,,false
Beer,Alcohol Retail,expense,personal,Beer related to Food & Dining,Personal Expenses,,false
Wine,Alcohol Retail,expense,personal,Wine related to Food & Dining,Personal Expenses,,false
Spirits,Alcohol Retail,expense,personal,Spirits related to Food & Dining,Personal Expenses,,false
Domestic Help & Household Services,Personal Expenses,expense,personal,Domestic staff and household services,Personal Expenses,,false
Domestic Staff,Domestic Help & Household Services,expense,personal,Domestic Staff related to Domestic Help & Household Services,Personal Expenses,,false
Maid / House Help,Domestic Staff,expense,personal,Maid / House Help related to Domestic Help & Household Services,Personal Expenses,,false
Monthly Salary,Maid / House Help,expense,personal,Monthly Salary related to Domestic Help & Household Services,Personal Expenses,,false
Bonus / Festival Gift,Maid / House Help,expense,personal,Bonus / Festival Gift related to Domestic Help & Household Services,Personal Expenses,,false
Cook,Domestic Staff,expense,personal,Cook related to Domestic Help & Household Services,Personal Expenses,,false
Monthly Salary,Cook,expense,personal,Monthly Salary related to Domestic Help & Household Services,Personal Expenses,,false
Bonus,Cook,expense,personal,Bonus related to Domestic Help & Household Services,Personal Expenses,,false
Driver,Domestic Staff,expense,personal,Driver related to Domestic Help & Household Services,Personal Expenses,,false
Monthly Salary,Driver,expense,personal,Monthly Salary related to Domestic Help & Household Services,Personal Expenses,,false
Overtime,Driver,expense,personal,Overtime related to Domestic Help & Household Services,Personal Expenses,,false
Nanny / Ayah,Domestic Staff,expense,personal,Nanny / Ayah related to Domestic Help & Household Services,Personal Expenses,,false
Monthly Salary,Nanny / Ayah,expense,personal,Monthly Salary related to Domestic Help & Household Services,Personal Expenses,,false
Overtime,Nanny / Ayah,expense,personal,Overtime related to Domestic Help & Household Services,Personal Expenses,,false
Watchman / Security,Domestic Staff,expense,personal,Watchman / Security related to Domestic Help & Household Services,Personal Expenses,,false
Monthly Contribution,Watchman / Security,expense,personal,Monthly Contribution related to Domestic Help & Household Services,Personal Expenses,,false
Cleaning Services,Domestic Help & Household Services,expense,personal,Cleaning Services related to Domestic Help & Household Services,Personal Expenses,,false
Deep Cleaning,Cleaning Services,expense,personal,Deep Cleaning related to Domestic Help & Household Services,Personal Expenses,,false
Home Deep Cleaning,Deep Cleaning,expense,personal,Home Deep Cleaning related to Domestic Help & Household Services,Personal Expenses,,false
Bathroom Cleaning,Deep Cleaning,expense,personal,Bathroom Cleaning related to Domestic Help & Household Services,Personal Expenses,,false
Kitchen Cleaning,Deep Cleaning,expense,personal,Kitchen Cleaning related to Domestic Help & Household Services,Personal Expenses,,false
Sofa & Carpet Cleaning,Cleaning Services,expense,personal,Sofa & Carpet Cleaning related to Domestic Help & Household Services,Personal Expenses,,false
Sofa Cleaning,Sofa & Carpet Cleaning,expense,personal,Sofa Cleaning related to Domestic Help & Household Services,Personal Expenses,,false
Carpet Cleaning,Sofa & Carpet Cleaning,expense,personal,Carpet Cleaning related to Domestic Help & Household Services,Personal Expenses,,false
Pest Control,Domestic Help & Household Services,expense,personal,Pest Control related to Domestic Help & Household Services,Personal Expenses,,false
General Pest Control,Pest Control,expense,personal,General Pest Control related to Domestic Help & Household Services,Personal Expenses,,false
Cockroach Control,General Pest Control,expense,personal,Cockroach Control related to Domestic Help & Household Services,Personal Expenses,,false
Ant Control,General Pest Control,expense,personal,Ant Control related to Domestic Help & Household Services,Personal Expenses,,false
Termite Control,Pest Control,expense,personal,Termite Control related to Domestic Help & Household Services,Personal Expenses,,false
Termite Treatment,Termite Control,expense,personal,Termite Treatment related to Domestic Help & Household Services,Personal Expenses,,false
Laundry & Dry Cleaning,Domestic Help & Household Services,expense,personal,Laundry & Dry Cleaning related to Domestic Help & Household Services,Personal Expenses,,false
Laundry,Laundry & Dry Cleaning,expense,personal,Laundry related to Domestic Help & Household Services,Personal Expenses,,false
Wash & Fold,Laundry,expense,personal,Wash & Fold related to Domestic Help & Household Services,Personal Expenses,,false
Ironing,Laundry,expense,personal,Ironing related to Domestic Help & Household Services,Personal Expenses,,false
Dry Cleaning,Laundry & Dry Cleaning,expense,personal,Dry Cleaning related to Domestic Help & Household Services,Personal Expenses,,false
Clothes Dry Cleaning,Dry Cleaning,expense,personal,Clothes Dry Cleaning related to Domestic Help & Household Services,Personal Expenses,,false
Curtain Dry Cleaning,Dry Cleaning,expense,personal,Curtain Dry Cleaning related to Domestic Help & Household Services,Personal Expenses,,false
Home Services,Domestic Help & Household Services,expense,personal,Home Services related to Domestic Help & Household Services,Personal Expenses,,false
Electrician,Home Services,expense,personal,Electrician related to Domestic Help & Household Services,Personal Expenses,,false
Visit Charge,Electrician,expense,personal,Visit Charge related to Domestic Help & Household Services,Personal Expenses,,false
Repair,Electrician,expense,personal,Repair related to Domestic Help & Household Services,Personal Expenses,,false
Plumber,Home Services,expense,personal,Plumber related to Domestic Help & Household Services,Personal Expenses,,false
Visit Charge,Plumber,expense,personal,Visit Charge related to Domestic Help & Household Services,Personal Expenses,,false
Repair,Plumber,expense,personal,Repair related to Domestic Help & Household Services,Personal Expenses,,false
Carpenter,Home Services,expense,personal,Carpenter related to Domestic Help & Household Services,Personal Expenses,,false
Visit Charge,Carpenter,expense,personal,Visit Charge related to Domestic Help & Household Services,Personal Expenses,,false
Repair,Carpenter,expense,personal,Repair related to Domestic Help & Household Services,Personal Expenses,,false
Appliance Technician,Home Services,expense,personal,Appliance Technician related to Domestic Help & Household Services,Personal Expenses,,false
Visit Charge,Appliance Technician,expense,personal,Visit Charge related to Domestic Help & Household Services,Personal Expenses,,false
Repair,Appliance Technician,expense,personal,Repair related to Domestic Help & Household Services,Personal Expenses,,false
Transportation & Commute,Personal Expenses,expense,personal,Daily commuting and local transportation,Personal Expenses,,false
Public Transport,Transportation & Commute,expense,personal,Public Transport related to Transportation & Commute,Personal Expenses,,false
Metro,Public Transport,expense,personal,Metro related to Transportation & Commute,Personal Expenses,,false
Metro Ride,Metro,expense,personal,Metro Ride related to Transportation & Commute,Personal Expenses,,false
Metro Card Recharge,Metro,expense,personal,Metro Card Recharge related to Transportation & Commute,Personal Expenses,,false
Local Train,Public Transport,expense,personal,Local Train related to Transportation & Commute,Personal Expenses,,false
Suburban Train Ticket,Local Train,expense,personal,Suburban Train Ticket related to Transportation & Commute,Personal Expenses,,false
Season Pass,Local Train,expense,personal,Season Pass related to Transportation & Commute,Personal Expenses,,false
Bus,Public Transport,expense,personal,Bus related to Transportation & Commute,Personal Expenses,,false
City Bus,Bus,expense,personal,City Bus related to Transportation & Commute,Personal Expenses,,false
Intercity Bus,Bus,expense,personal,Intercity Bus related to Transportation & Commute,Personal Expenses,,false
Rail Commute,Public Transport,expense,personal,Rail Commute related to Transportation & Commute,Personal Expenses,,false
Passenger Train,Rail Commute,expense,personal,Passenger Train related to Transportation & Commute,Personal Expenses,,false
Season Ticket,Rail Commute,expense,personal,Season Ticket related to Transportation & Commute,Personal Expenses,,false
Ride Hailing & Taxi,Transportation & Commute,expense,personal,Ride Hailing & Taxi related to Transportation & Commute,Personal Expenses,,false
App Cab,Ride Hailing & Taxi,expense,personal,App Cab related to Transportation & Commute,Personal Expenses,,false
Economy Ride,App Cab,expense,personal,Economy Ride related to Transportation & Commute,Personal Expenses,,false
Premium Ride,App Cab,expense,personal,Premium Ride related to Transportation & Commute,Personal Expenses,,false
Airport Ride,App Cab,expense,personal,Airport Ride related to Transportation & Commute,Personal Expenses,,false
Taxi,Ride Hailing & Taxi,expense,personal,Taxi related to Transportation & Commute,Personal Expenses,,false
Local Taxi,Taxi,expense,personal,Local Taxi related to Transportation & Commute,Personal Expenses,,false
Outstation Taxi,Taxi,expense,personal,Outstation Taxi related to Transportation & Commute,Personal Expenses,,false
Auto Rickshaw,Ride Hailing & Taxi,expense,personal,Auto Rickshaw related to Transportation & Commute,Personal Expenses,,false
Metered Auto,Auto Rickshaw,expense,personal,Metered Auto related to Transportation & Commute,Personal Expenses,,false
App Auto,Auto Rickshaw,expense,personal,App Auto related to Transportation & Commute,Personal Expenses,,false
Bike Taxi,Ride Hailing & Taxi,expense,personal,Bike Taxi related to Transportation & Commute,Personal Expenses,,false
Bike Taxi Ride,Bike Taxi,expense,personal,Bike Taxi Ride related to Transportation & Commute,Personal Expenses,,false
Office Commute,Transportation & Commute,expense,personal,Office Commute related to Transportation & Commute,Personal Expenses,,false
Company Transport,Office Commute,expense,personal,Company Transport related to Transportation & Commute,Personal Expenses,,false
Office Bus Fee,Company Transport,expense,personal,Office Bus Fee related to Transportation & Commute,Personal Expenses,,false
Company Cab Contribution,Company Transport,expense,personal,Company Cab Contribution related to Transportation & Commute,Personal Expenses,,false
Shared Commute,Office Commute,expense,personal,Shared Commute related to Transportation & Commute,Personal Expenses,,false
Carpool Contribution,Shared Commute,expense,personal,Carpool Contribution related to Transportation & Commute,Personal Expenses,,false
Shared Cab,Shared Commute,expense,personal,Shared Cab related to Transportation & Commute,Personal Expenses,,false
Parking & Tolls,Transportation & Commute,expense,personal,Parking & Tolls related to Transportation & Commute,Personal Expenses,,false
Parking,Parking & Tolls,expense,personal,Parking related to Transportation & Commute,Personal Expenses,,false
Street Parking,Parking,expense,personal,Street Parking related to Transportation & Commute,Personal Expenses,,false
Mall Parking,Parking,expense,personal,Mall Parking related to Transportation & Commute,Personal Expenses,,false
Office Parking,Parking,expense,personal,Office Parking related to Transportation & Commute,Personal Expenses,,false
Airport Parking,Parking,expense,personal,Airport Parking related to Transportation & Commute,Personal Expenses,,false
Tolls,Parking & Tolls,expense,personal,Tolls related to Transportation & Commute,Personal Expenses,,false
Highway Toll,Tolls,expense,personal,Highway Toll related to Transportation & Commute,Personal Expenses,,false
Bridge Toll,Tolls,expense,personal,Bridge Toll related to Transportation & Commute,Personal Expenses,,false
FASTag,Parking & Tolls,expense,personal,FASTag related to Transportation & Commute,Personal Expenses,,false
FASTag Recharge,FASTag,expense,personal,FASTag Recharge related to Transportation & Commute,Personal Expenses,,false
FASTag Toll Debit,FASTag,expense,personal,FASTag Toll Debit related to Transportation & Commute,Personal Expenses,,false
Last Mile Mobility,Transportation & Commute,expense,personal,Last Mile Mobility related to Transportation & Commute,Personal Expenses,,false
E-Rickshaw,Last Mile Mobility,expense,personal,E-Rickshaw related to Transportation & Commute,Personal Expenses,,false
E-Rickshaw Ride,E-Rickshaw,expense,personal,E-Rickshaw Ride related to Transportation & Commute,Personal Expenses,,false
Cycle / Scooter Rental,Last Mile Mobility,expense,personal,Cycle / Scooter Rental related to Transportation & Commute,Personal Expenses,,false
Cycle Rental,Cycle / Scooter Rental,expense,personal,Cycle Rental related to Transportation & Commute,Personal Expenses,,false
E-Scooter Rental,Cycle / Scooter Rental,expense,personal,E-Scooter Rental related to Transportation & Commute,Personal Expenses,,false
Vehicle Ownership & Maintenance,Personal Expenses,expense,personal,"Fuel, service, insurance and vehicle ownership",Personal Expenses,,false
Fuel,Vehicle Ownership & Maintenance,expense,personal,Fuel related to Vehicle Ownership & Maintenance,Personal Expenses,,false
Petrol,Fuel,expense,personal,Petrol related to Vehicle Ownership & Maintenance,Personal Expenses,,false
Car Petrol,Petrol,expense,personal,Car Petrol related to Vehicle Ownership & Maintenance,Personal Expenses,,false
Two-wheeler Petrol,Petrol,expense,personal,Two-wheeler Petrol related to Vehicle Ownership & Maintenance,Personal Expenses,,false
Diesel,Fuel,expense,personal,Diesel related to Vehicle Ownership & Maintenance,Personal Expenses,,false
Car Diesel,Diesel,expense,personal,Car Diesel related to Vehicle Ownership & Maintenance,Personal Expenses,,false
Commercial Vehicle Diesel,Diesel,expense,personal,Commercial Vehicle Diesel related to Vehicle Ownership & Maintenance,Personal Expenses,,false
CNG,Fuel,expense,personal,CNG related to Vehicle Ownership & Maintenance,Personal Expenses,,false
CNG Refill,CNG,expense,personal,CNG Refill related to Vehicle Ownership & Maintenance,Personal Expenses,,false
EV Charging,Fuel,expense,personal,EV Charging related to Vehicle Ownership & Maintenance,Personal Expenses,,false
Public EV Charger,EV Charging,expense,personal,Public EV Charger related to Vehicle Ownership & Maintenance,Personal Expenses,,false
Home Charging,EV Charging,expense,personal,Home Charging related to Vehicle Ownership & Maintenance,Personal Expenses,,false
Vehicle Service,Vehicle Ownership & Maintenance,expense,personal,Vehicle Service related to Vehicle Ownership & Maintenance,Personal Expenses,,false
Routine Service,Vehicle Service,expense,personal,Routine Service related to Vehicle Ownership & Maintenance,Personal Expenses,,false
Oil Change,Routine Service,expense,personal,Oil Change related to Vehicle Ownership & Maintenance,Personal Expenses,,false
Periodic Service,Routine Service,expense,personal,Periodic Service related to Vehicle Ownership & Maintenance,Personal Expenses,,false
Repairs,Vehicle Service,expense,personal,Repairs related to Vehicle Ownership & Maintenance,Personal Expenses,,false
Engine Repair,Repairs,expense,personal,Engine Repair related to Vehicle Ownership & Maintenance,Personal Expenses,,false
Electrical Repair,Repairs,expense,personal,Electrical Repair related to Vehicle Ownership & Maintenance,Personal Expenses,,false
Body Repair,Repairs,expense,personal,Body Repair related to Vehicle Ownership & Maintenance,Personal Expenses,,false
AC Repair,Repairs,expense,personal,AC Repair related to Vehicle Ownership & Maintenance,Personal Expenses,,false
Tyres & Wheels,Vehicle Service,expense,personal,Tyres & Wheels related to Vehicle Ownership & Maintenance,Personal Expenses,,false
Tyre Replacement,Tyres & Wheels,expense,personal,Tyre Replacement related to Vehicle Ownership & Maintenance,Personal Expenses,,false
Wheel Alignment,Tyres & Wheels,expense,personal,Wheel Alignment related to Vehicle Ownership & Maintenance,Personal Expenses,,false
Puncture Repair,Tyres & Wheels,expense,personal,Puncture Repair related to Vehicle Ownership & Maintenance,Personal Expenses,,false
Battery,Vehicle Service,expense,personal,Battery related to Vehicle Ownership & Maintenance,Personal Expenses,,false
Battery Replacement,Battery,expense,personal,Battery Replacement related to Vehicle Ownership & Maintenance,Personal Expenses,,false
Battery Service,Battery,expense,personal,Battery Service related to Vehicle Ownership & Maintenance,Personal Expenses,,false
Cleaning & Accessories,Vehicle Ownership & Maintenance,expense,personal,Cleaning & Accessories related to Vehicle Ownership & Maintenance,Personal Expenses,,false
Vehicle Cleaning,Cleaning & Accessories,expense,personal,Vehicle Cleaning related to Vehicle Ownership & Maintenance,Personal Expenses,,false
Car Wash,Vehicle Cleaning,expense,personal,Car Wash related to Vehicle Ownership & Maintenance,Personal Expenses,,false
Detailing,Vehicle Cleaning,expense,personal,Detailing related to Vehicle Ownership & Maintenance,Personal Expenses,,false
Accessories,Cleaning & Accessories,expense,personal,Accessories related to Vehicle Ownership & Maintenance,Personal Expenses,,false
Seat Covers,Accessories,expense,personal,Seat Covers related to Vehicle Ownership & Maintenance,Personal Expenses,,false
Mats,Accessories,expense,personal,Mats related to Vehicle Ownership & Maintenance,Personal Expenses,,false
Phone Holder,Accessories,expense,personal,Phone Holder related to Vehicle Ownership & Maintenance,Personal Expenses,,false
Dashcam,Accessories,expense,personal,Dashcam related to Vehicle Ownership & Maintenance,Personal Expenses,,false
RTO & Compliance,Vehicle Ownership & Maintenance,expense,personal,RTO & Compliance related to Vehicle Ownership & Maintenance,Personal Expenses,,false
Registration,RTO & Compliance,expense,personal,Registration related to Vehicle Ownership & Maintenance,Personal Expenses,,false
New Registration,Registration,expense,personal,New Registration related to Vehicle Ownership & Maintenance,Personal Expenses,,false
Ownership Transfer,Registration,expense,personal,Ownership Transfer related to Vehicle Ownership & Maintenance,Personal Expenses,,false
PUC,RTO & Compliance,expense,personal,PUC related to Vehicle Ownership & Maintenance,Personal Expenses,,false
Pollution Certificate,PUC,expense,personal,Pollution Certificate related to Vehicle Ownership & Maintenance,Personal Expenses,,false
Road Tax,RTO & Compliance,expense,personal,Road Tax related to Vehicle Ownership & Maintenance,Personal Expenses,,false
State Road Tax,Road Tax,expense,personal,State Road Tax related to Vehicle Ownership & Maintenance,Personal Expenses,,false
Driving License,RTO & Compliance,expense,personal,Driving License related to Vehicle Ownership & Maintenance,Personal Expenses,,false
Issue / Renewal,Driving License,expense,personal,Issue / Renewal related to Vehicle Ownership & Maintenance,Personal Expenses,,false
Insurance,Vehicle Ownership & Maintenance,expense,personal,Insurance related to Vehicle Ownership & Maintenance,Personal Expenses,,false
Car Insurance,Insurance,expense,personal,Car Insurance related to Vehicle Ownership & Maintenance,Personal Expenses,,false
Comprehensive,Car Insurance,expense,personal,Comprehensive related to Vehicle Ownership & Maintenance,Personal Expenses,,false
Third Party,Car Insurance,expense,personal,Third Party related to Vehicle Ownership & Maintenance,Personal Expenses,,false
Two-wheeler Insurance,Insurance,expense,personal,Two-wheeler Insurance related to Vehicle Ownership & Maintenance,Personal Expenses,,false
Comprehensive,Two-wheeler Insurance,expense,personal,Comprehensive related to Vehicle Ownership & Maintenance,Personal Expenses,,false
Third Party,Two-wheeler Insurance,expense,personal,Third Party related to Vehicle Ownership & Maintenance,Personal Expenses,,false
Vehicle Purchase,Vehicle Ownership & Maintenance,expense,personal,Vehicle Purchase related to Vehicle Ownership & Maintenance,Personal Expenses,,false
Car Purchase,Vehicle Purchase,expense,personal,Car Purchase related to Vehicle Ownership & Maintenance,Personal Expenses,,false
New Car,Car Purchase,expense,personal,New Car related to Vehicle Ownership & Maintenance,Personal Expenses,,false
Used Car,Car Purchase,expense,personal,Used Car related to Vehicle Ownership & Maintenance,Personal Expenses,,false
Two-wheeler Purchase,Vehicle Purchase,expense,personal,Two-wheeler Purchase related to Vehicle Ownership & Maintenance,Personal Expenses,,false
New Two-wheeler,Two-wheeler Purchase,expense,personal,New Two-wheeler related to Vehicle Ownership & Maintenance,Personal Expenses,,false
Used Two-wheeler,Two-wheeler Purchase,expense,personal,Used Two-wheeler related to Vehicle Ownership & Maintenance,Personal Expenses,,false
Travel & Holidays,Personal Expenses,expense,personal,Domestic and international travel,Personal Expenses,,false
Flights,Travel & Holidays,expense,personal,Flights related to Travel & Holidays,Personal Expenses,,false
Domestic Flights,Flights,expense,personal,Domestic Flights related to Travel & Holidays,Personal Expenses,,false
Economy,Domestic Flights,expense,personal,Economy related to Travel & Holidays,Personal Expenses,,false
Premium Economy,Domestic Flights,expense,personal,Premium Economy related to Travel & Holidays,Personal Expenses,,false
Business,Domestic Flights,expense,personal,Business related to Travel & Holidays,Personal Expenses,,false
International Flights,Flights,expense,personal,International Flights related to Travel & Holidays,Personal Expenses,,false
Economy,International Flights,expense,personal,Economy related to Travel & Holidays,Personal Expenses,,false
Premium Economy,International Flights,expense,personal,Premium Economy related to Travel & Holidays,Personal Expenses,,false
Business,International Flights,expense,personal,Business related to Travel & Holidays,Personal Expenses,,false
Airline Extras,Flights,expense,personal,Airline Extras related to Travel & Holidays,Personal Expenses,,false
Baggage,Airline Extras,expense,personal,Baggage related to Travel & Holidays,Personal Expenses,,false
Seat Selection,Airline Extras,expense,personal,Seat Selection related to Travel & Holidays,Personal Expenses,,false
Meals,Airline Extras,expense,personal,Meals related to Travel & Holidays,Personal Expenses,,false
Rail Travel,Travel & Holidays,expense,personal,Rail Travel related to Travel & Holidays,Personal Expenses,,false
Indian Railways,Rail Travel,expense,personal,Indian Railways related to Travel & Holidays,Personal Expenses,,false
Sleeper,Indian Railways,expense,personal,Sleeper related to Travel & Holidays,Personal Expenses,,false
3AC,Indian Railways,expense,personal,3AC related to Travel & Holidays,Personal Expenses,,false
2AC,Indian Railways,expense,personal,2AC related to Travel & Holidays,Personal Expenses,,false
1AC,Indian Railways,expense,personal,1AC related to Travel & Holidays,Personal Expenses,,false
Vande Bharat / Chair Car,Indian Railways,expense,personal,Vande Bharat / Chair Car related to Travel & Holidays,Personal Expenses,,false
Tatkal & Fees,Rail Travel,expense,personal,Tatkal & Fees related to Travel & Holidays,Personal Expenses,,false
Tatkal Charge,Tatkal & Fees,expense,personal,Tatkal Charge related to Travel & Holidays,Personal Expenses,,false
Convenience Fee,Tatkal & Fees,expense,personal,Convenience Fee related to Travel & Holidays,Personal Expenses,,false
Bus Travel,Travel & Holidays,expense,personal,Bus Travel related to Travel & Holidays,Personal Expenses,,false
Intercity Bus,Bus Travel,expense,personal,Intercity Bus related to Travel & Holidays,Personal Expenses,,false
AC Bus,Intercity Bus,expense,personal,AC Bus related to Travel & Holidays,Personal Expenses,,false
Non-AC Bus,Intercity Bus,expense,personal,Non-AC Bus related to Travel & Holidays,Personal Expenses,,false
Sleeper Bus,Intercity Bus,expense,personal,Sleeper Bus related to Travel & Holidays,Personal Expenses,,false
Accommodation,Travel & Holidays,expense,personal,Accommodation related to Travel & Holidays,Personal Expenses,,false
Hotels,Accommodation,expense,personal,Hotels related to Travel & Holidays,Personal Expenses,,false
Budget Hotel,Hotels,expense,personal,Budget Hotel related to Travel & Holidays,Personal Expenses,,false
Business Hotel,Hotels,expense,personal,Business Hotel related to Travel & Holidays,Personal Expenses,,false
Luxury Hotel,Hotels,expense,personal,Luxury Hotel related to Travel & Holidays,Personal Expenses,,false
Homestay / Vacation Rental,Accommodation,expense,personal,Homestay / Vacation Rental related to Travel & Holidays,Personal Expenses,,false
Homestay,Homestay / Vacation Rental,expense,personal,Homestay related to Travel & Holidays,Personal Expenses,,false
Apartment,Homestay / Vacation Rental,expense,personal,Apartment related to Travel & Holidays,Personal Expenses,,false
Villa,Homestay / Vacation Rental,expense,personal,Villa related to Travel & Holidays,Personal Expenses,,false
Hostels,Accommodation,expense,personal,Hostels related to Travel & Holidays,Personal Expenses,,false
Hostel Stay,Hostels,expense,personal,Hostel Stay related to Travel & Holidays,Personal Expenses,,false
Local Travel,Travel & Holidays,expense,personal,Local Travel related to Travel & Holidays,Personal Expenses,,false
Taxi,Local Travel,expense,personal,Taxi related to Travel & Holidays,Personal Expenses,,false
Airport Transfer,Taxi,expense,personal,Airport Transfer related to Travel & Holidays,Personal Expenses,,false
Local Sightseeing,Taxi,expense,personal,Local Sightseeing related to Travel & Holidays,Personal Expenses,,false
Car Rental,Local Travel,expense,personal,Car Rental related to Travel & Holidays,Personal Expenses,,false
Self-drive,Car Rental,expense,personal,Self-drive related to Travel & Holidays,Personal Expenses,,false
With Driver,Car Rental,expense,personal,With Driver related to Travel & Holidays,Personal Expenses,,false
Public Transport,Local Travel,expense,personal,Public Transport related to Travel & Holidays,Personal Expenses,,false
Metro / Bus,Public Transport,expense,personal,Metro / Bus related to Travel & Holidays,Personal Expenses,,false
Travel Documentation,Travel & Holidays,expense,personal,Travel Documentation related to Travel & Holidays,Personal Expenses,,false
Passport,Travel Documentation,expense,personal,Passport related to Travel & Holidays,Personal Expenses,,false
New Passport,Passport,expense,personal,New Passport related to Travel & Holidays,Personal Expenses,,false
Renewal,Passport,expense,personal,Renewal related to Travel & Holidays,Personal Expenses,,false
Visa,Travel Documentation,expense,personal,Visa related to Travel & Holidays,Personal Expenses,,false
Visa Fee,Visa,expense,personal,Visa Fee related to Travel & Holidays,Personal Expenses,,false
VFS / Service Fee,Visa,expense,personal,VFS / Service Fee related to Travel & Holidays,Personal Expenses,,false
Travel Insurance,Travel Documentation,expense,personal,Travel Insurance related to Travel & Holidays,Personal Expenses,,false
Domestic,Travel Insurance,expense,personal,Domestic related to Travel & Holidays,Personal Expenses,,false
International,Travel Insurance,expense,personal,International related to Travel & Holidays,Personal Expenses,,false
Holiday Activities,Travel & Holidays,expense,personal,Holiday Activities related to Travel & Holidays,Personal Expenses,,false
Sightseeing,Holiday Activities,expense,personal,Sightseeing related to Travel & Holidays,Personal Expenses,,false
Entry Tickets,Sightseeing,expense,personal,Entry Tickets related to Travel & Holidays,Personal Expenses,,false
Guided Tour,Sightseeing,expense,personal,Guided Tour related to Travel & Holidays,Personal Expenses,,false
Adventure,Holiday Activities,expense,personal,Adventure related to Travel & Holidays,Personal Expenses,,false
Trekking,Adventure,expense,personal,Trekking related to Travel & Holidays,Personal Expenses,,false
Water Sports,Adventure,expense,personal,Water Sports related to Travel & Holidays,Personal Expenses,,false
Adventure Sports,Adventure,expense,personal,Adventure Sports related to Travel & Holidays,Personal Expenses,,false
Pilgrimage Travel,Holiday Activities,expense,personal,Pilgrimage Travel related to Travel & Holidays,Personal Expenses,,false
Temple Tour,Pilgrimage Travel,expense,personal,Temple Tour related to Travel & Holidays,Personal Expenses,,false
Religious Tour,Pilgrimage Travel,expense,personal,Religious Tour related to Travel & Holidays,Personal Expenses,,false
Health & Medical,Personal Expenses,expense,personal,"Medical, hospital, pharmacy and wellness costs",Personal Expenses,,false
Doctor Consultation,Health & Medical,expense,personal,Doctor Consultation related to Health & Medical,Personal Expenses,,false
General Physician,Doctor Consultation,expense,personal,General Physician related to Health & Medical,Personal Expenses,,false
Initial Consultation,General Physician,expense,personal,Initial Consultation related to Health & Medical,Personal Expenses,,false
Follow-up,General Physician,expense,personal,Follow-up related to Health & Medical,Personal Expenses,,false
Specialist,Doctor Consultation,expense,personal,Specialist related to Health & Medical,Personal Expenses,,false
Cardiology,Specialist,expense,personal,Cardiology related to Health & Medical,Personal Expenses,,false
Dermatology,Specialist,expense,personal,Dermatology related to Health & Medical,Personal Expenses,,false
Orthopedics,Specialist,expense,personal,Orthopedics related to Health & Medical,Personal Expenses,,false
ENT,Specialist,expense,personal,ENT related to Health & Medical,Personal Expenses,,false
Gynecology,Specialist,expense,personal,Gynecology related to Health & Medical,Personal Expenses,,false
Pediatrics,Specialist,expense,personal,Pediatrics related to Health & Medical,Personal Expenses,,false
Neurology,Specialist,expense,personal,Neurology related to Health & Medical,Personal Expenses,,false
Gastroenterology,Specialist,expense,personal,Gastroenterology related to Health & Medical,Personal Expenses,,false
Urology,Specialist,expense,personal,Urology related to Health & Medical,Personal Expenses,,false
Hospital & Emergency,Health & Medical,expense,personal,Hospital & Emergency related to Health & Medical,Personal Expenses,,false
Hospitalization,Hospital & Emergency,expense,personal,Hospitalization related to Health & Medical,Personal Expenses,,false
Inpatient,Hospitalization,expense,personal,Inpatient related to Health & Medical,Personal Expenses,,false
Daycare Procedure,Hospitalization,expense,personal,Daycare Procedure related to Health & Medical,Personal Expenses,,false
Emergency Care,Hospital & Emergency,expense,personal,Emergency Care related to Health & Medical,Personal Expenses,,false
Emergency Room,Emergency Care,expense,personal,Emergency Room related to Health & Medical,Personal Expenses,,false
Ambulance,Emergency Care,expense,personal,Ambulance related to Health & Medical,Personal Expenses,,false
Surgery,Hospital & Emergency,expense,personal,Surgery related to Health & Medical,Personal Expenses,,false
Major Surgery,Surgery,expense,personal,Major Surgery related to Health & Medical,Personal Expenses,,false
Minor Surgery,Surgery,expense,personal,Minor Surgery related to Health & Medical,Personal Expenses,,false
Pharmacy,Health & Medical,expense,personal,Pharmacy related to Health & Medical,Personal Expenses,,false
Prescription Medicines,Pharmacy,expense,personal,Prescription Medicines related to Health & Medical,Personal Expenses,,false
Chronic Medicines,Prescription Medicines,expense,personal,Chronic Medicines related to Health & Medical,Personal Expenses,,false
Acute Medicines,Prescription Medicines,expense,personal,Acute Medicines related to Health & Medical,Personal Expenses,,false
OTC Medicines,Pharmacy,expense,personal,OTC Medicines related to Health & Medical,Personal Expenses,,false
Cold & Flu,OTC Medicines,expense,personal,Cold & Flu related to Health & Medical,Personal Expenses,,false
Pain Relief,OTC Medicines,expense,personal,Pain Relief related to Health & Medical,Personal Expenses,,false
Digestive Medicines,OTC Medicines,expense,personal,Digestive Medicines related to Health & Medical,Personal Expenses,,false
Medical Supplies,Pharmacy,expense,personal,Medical Supplies related to Health & Medical,Personal Expenses,,false
Bandages,Medical Supplies,expense,personal,Bandages related to Health & Medical,Personal Expenses,,false
Thermometer,Medical Supplies,expense,personal,Thermometer related to Health & Medical,Personal Expenses,,false
Medical Devices,Medical Supplies,expense,personal,Medical Devices related to Health & Medical,Personal Expenses,,false
Diagnostics,Health & Medical,expense,personal,Diagnostics related to Health & Medical,Personal Expenses,,false
Lab Tests,Diagnostics,expense,personal,Lab Tests related to Health & Medical,Personal Expenses,,false
Blood Test,Lab Tests,expense,personal,Blood Test related to Health & Medical,Personal Expenses,,false
Urine Test,Lab Tests,expense,personal,Urine Test related to Health & Medical,Personal Expenses,,false
Pathology Package,Lab Tests,expense,personal,Pathology Package related to Health & Medical,Personal Expenses,,false
Imaging,Diagnostics,expense,personal,Imaging related to Health & Medical,Personal Expenses,,false
X-Ray,Imaging,expense,personal,X-Ray related to Health & Medical,Personal Expenses,,false
Ultrasound,Imaging,expense,personal,Ultrasound related to Health & Medical,Personal Expenses,,false
CT Scan,Imaging,expense,personal,CT Scan related to Health & Medical,Personal Expenses,,false
MRI,Imaging,expense,personal,MRI related to Health & Medical,Personal Expenses,,false
Health Checkup,Diagnostics,expense,personal,Health Checkup related to Health & Medical,Personal Expenses,,false
Annual Health Check,Health Checkup,expense,personal,Annual Health Check related to Health & Medical,Personal Expenses,,false
Corporate Health Check,Health Checkup,expense,personal,Corporate Health Check related to Health & Medical,Personal Expenses,,false
Dental,Health & Medical,expense,personal,Dental related to Health & Medical,Personal Expenses,,false
Dental Consultation,Dental,expense,personal,Dental Consultation related to Health & Medical,Personal Expenses,,false
Checkup,Dental Consultation,expense,personal,Checkup related to Health & Medical,Personal Expenses,,false
Dental Treatment,Dental,expense,personal,Dental Treatment related to Health & Medical,Personal Expenses,,false
Cleaning,Dental Treatment,expense,personal,Cleaning related to Health & Medical,Personal Expenses,,false
Filling,Dental Treatment,expense,personal,Filling related to Health & Medical,Personal Expenses,,false
Root Canal,Dental Treatment,expense,personal,Root Canal related to Health & Medical,Personal Expenses,,false
Extraction,Dental Treatment,expense,personal,Extraction related to Health & Medical,Personal Expenses,,false
Braces,Dental Treatment,expense,personal,Braces related to Health & Medical,Personal Expenses,,false
Vision,Health & Medical,expense,personal,Vision related to Health & Medical,Personal Expenses,,false
Eye Consultation,Vision,expense,personal,Eye Consultation related to Health & Medical,Personal Expenses,,false
Eye Exam,Eye Consultation,expense,personal,Eye Exam related to Health & Medical,Personal Expenses,,false
Eyewear,Vision,expense,personal,Eyewear related to Health & Medical,Personal Expenses,,false
Spectacles,Eyewear,expense,personal,Spectacles related to Health & Medical,Personal Expenses,,false
Contact Lenses,Eyewear,expense,personal,Contact Lenses related to Health & Medical,Personal Expenses,,false
Sunglasses Prescription,Eyewear,expense,personal,Sunglasses Prescription related to Health & Medical,Personal Expenses,,false
Mental Health,Health & Medical,expense,personal,Mental Health related to Health & Medical,Personal Expenses,,false
Counselling,Mental Health,expense,personal,Counselling related to Health & Medical,Personal Expenses,,false
Therapy Session,Counselling,expense,personal,Therapy Session related to Health & Medical,Personal Expenses,,false
Psychiatry,Mental Health,expense,personal,Psychiatry related to Health & Medical,Personal Expenses,,false
Psychiatrist Consultation,Psychiatry,expense,personal,Psychiatrist Consultation related to Health & Medical,Personal Expenses,,false
Medication Review,Psychiatry,expense,personal,Medication Review related to Health & Medical,Personal Expenses,,false
Physiotherapy & Rehabilitation,Health & Medical,expense,personal,Physiotherapy & Rehabilitation related to Health & Medical,Personal Expenses,,false
Physiotherapy,Physiotherapy & Rehabilitation,expense,personal,Physiotherapy related to Health & Medical,Personal Expenses,,false
Session,Physiotherapy,expense,personal,Session related to Health & Medical,Personal Expenses,,false
Package,Physiotherapy,expense,personal,Package related to Health & Medical,Personal Expenses,,false
Rehabilitation,Physiotherapy & Rehabilitation,expense,personal,Rehabilitation related to Health & Medical,Personal Expenses,,false
Post-surgery Rehab,Rehabilitation,expense,personal,Post-surgery Rehab related to Health & Medical,Personal Expenses,,false
Sports Rehab,Rehabilitation,expense,personal,Sports Rehab related to Health & Medical,Personal Expenses,,false
AYUSH & Alternative Care,Health & Medical,expense,personal,AYUSH & Alternative Care related to Health & Medical,Personal Expenses,,false
Ayurveda,AYUSH & Alternative Care,expense,personal,Ayurveda related to Health & Medical,Personal Expenses,,false
Consultation,Ayurveda,expense,personal,Consultation related to Health & Medical,Personal Expenses,,false
Medicines,Ayurveda,expense,personal,Medicines related to Health & Medical,Personal Expenses,,false
Homeopathy,AYUSH & Alternative Care,expense,personal,Homeopathy related to Health & Medical,Personal Expenses,,false
Consultation,Homeopathy,expense,personal,Consultation related to Health & Medical,Personal Expenses,,false
Medicines,Homeopathy,expense,personal,Medicines related to Health & Medical,Personal Expenses,,false
Yoga Therapy,AYUSH & Alternative Care,expense,personal,Yoga Therapy related to Health & Medical,Personal Expenses,,false
Therapeutic Yoga,Yoga Therapy,expense,personal,Therapeutic Yoga related to Health & Medical,Personal Expenses,,false
Insurance,Personal Expenses,expense,personal,Personal and business insurance premiums,Personal Expenses,,false
Health Insurance,Insurance,expense,personal,Health Insurance related to Insurance,Personal Expenses,,false
Individual Health,Health Insurance,expense,personal,Individual Health related to Insurance,Personal Expenses,,false
Base Premium,Individual Health,expense,personal,Base Premium related to Insurance,Personal Expenses,,false
Top-up Premium,Individual Health,expense,personal,Top-up Premium related to Insurance,Personal Expenses,,false
Family Floater,Health Insurance,expense,personal,Family Floater related to Insurance,Personal Expenses,,false
Base Premium,Family Floater,expense,personal,Base Premium related to Insurance,Personal Expenses,,false
Top-up Premium,Family Floater,expense,personal,Top-up Premium related to Insurance,Personal Expenses,,false
Senior Citizen Health,Health Insurance,expense,personal,Senior Citizen Health related to Insurance,Personal Expenses,,false
Base Premium,Senior Citizen Health,expense,personal,Base Premium related to Insurance,Personal Expenses,,false
Top-up Premium,Senior Citizen Health,expense,personal,Top-up Premium related to Insurance,Personal Expenses,,false
Life Insurance,Insurance,expense,personal,Life Insurance related to Insurance,Personal Expenses,,false
Term Insurance,Life Insurance,expense,personal,Term Insurance related to Insurance,Personal Expenses,,false
Regular Premium,Term Insurance,expense,personal,Regular Premium related to Insurance,Personal Expenses,,false
Endowment / Traditional,Life Insurance,expense,personal,Endowment / Traditional related to Insurance,Personal Expenses,,false
LIC Premium,Endowment / Traditional,expense,personal,LIC Premium related to Insurance,Personal Expenses,,false
Other Traditional Premium,Endowment / Traditional,expense,personal,Other Traditional Premium related to Insurance,Personal Expenses,,false
ULIP,Life Insurance,expense,personal,ULIP related to Insurance,Personal Expenses,,false
Premium,ULIP,expense,personal,Premium related to Insurance,Personal Expenses,,false
Personal Accident,Insurance,expense,personal,Personal Accident related to Insurance,Personal Expenses,,false
Accident Cover,Personal Accident,expense,personal,Accident Cover related to Insurance,Personal Expenses,,false
Annual Premium,Accident Cover,expense,personal,Annual Premium related to Insurance,Personal Expenses,,false
Home Insurance,Insurance,expense,personal,Home Insurance related to Insurance,Personal Expenses,,false
Home Structure,Home Insurance,expense,personal,Home Structure related to Insurance,Personal Expenses,,false
Building Cover,Home Structure,expense,personal,Building Cover related to Insurance,Personal Expenses,,false
Home Contents,Home Insurance,expense,personal,Home Contents related to Insurance,Personal Expenses,,false
Contents Cover,Home Contents,expense,personal,Contents Cover related to Insurance,Personal Expenses,,false
Travel Insurance,Insurance,expense,personal,Travel Insurance related to Insurance,Personal Expenses,,false
Domestic Travel Insurance,Travel Insurance,expense,personal,Domestic Travel Insurance related to Insurance,Personal Expenses,,false
Premium,Domestic Travel Insurance,expense,personal,Premium related to Insurance,Personal Expenses,,false
International Travel Insurance,Travel Insurance,expense,personal,International Travel Insurance related to Insurance,Personal Expenses,,false
Premium,International Travel Insurance,expense,personal,Premium related to Insurance,Personal Expenses,,false
Business Insurance,Insurance,expense,business,Business Insurance related to Insurance,Personal Expenses,,false
Professional Indemnity,Business Insurance,expense,business,Professional Indemnity related to Insurance,Personal Expenses,,false
Premium,Professional Indemnity,expense,personal,Premium related to Insurance,Personal Expenses,,false
Shop / Office Insurance,Business Insurance,expense,business,Shop / Office Insurance related to Insurance,Personal Expenses,,false
Premium,Shop / Office Insurance,expense,personal,Premium related to Insurance,Personal Expenses,,false
Group Health,Business Insurance,expense,business,Group Health related to Insurance,Personal Expenses,,false
Employer Premium,Group Health,expense,personal,Employer Premium related to Insurance,Personal Expenses,,false
Education & Learning,Personal Expenses,expense,personal,"School, college, coaching and professional education",Personal Expenses,,false
School Education,Education & Learning,expense,personal,School Education related to Education & Learning,Personal Expenses,,false
School Fees,School Education,expense,personal,School Fees related to Education & Learning,Personal Expenses,,false
Tuition Fee,School Fees,expense,personal,Tuition Fee related to Education & Learning,Personal Expenses,,false
Admission Fee,School Fees,expense,personal,Admission Fee related to Education & Learning,Personal Expenses,,false
Annual Fee,School Fees,expense,personal,Annual Fee related to Education & Learning,Personal Expenses,,false
Development Fee,School Fees,expense,personal,Development Fee related to Education & Learning,Personal Expenses,,false
School Supplies,School Education,expense,personal,School Supplies related to Education & Learning,Personal Expenses,,false
Books,School Supplies,expense,personal,Books related to Education & Learning,Personal Expenses,,false
Stationery,School Supplies,expense,personal,Stationery related to Education & Learning,Personal Expenses,,false
Uniform,School Supplies,expense,personal,Uniform related to Education & Learning,Personal Expenses,,false
School Transport,School Education,expense,personal,School Transport related to Education & Learning,Personal Expenses,,false
School Bus,School Transport,expense,personal,School Bus related to Education & Learning,Personal Expenses,,false
Van Fee,School Transport,expense,personal,Van Fee related to Education & Learning,Personal Expenses,,false
School Activities,School Education,expense,personal,School Activities related to Education & Learning,Personal Expenses,,false
Sports Fee,School Activities,expense,personal,Sports Fee related to Education & Learning,Personal Expenses,,false
Activity Fee,School Activities,expense,personal,Activity Fee related to Education & Learning,Personal Expenses,,false
Trip Fee,School Activities,expense,personal,Trip Fee related to Education & Learning,Personal Expenses,,false
College & University,Education & Learning,expense,personal,College & University related to Education & Learning,Personal Expenses,,false
Tuition,College & University,expense,personal,Tuition related to Education & Learning,Personal Expenses,,false
Semester Fee,Tuition,expense,personal,Semester Fee related to Education & Learning,Personal Expenses,,false
Annual Tuition,Tuition,expense,personal,Annual Tuition related to Education & Learning,Personal Expenses,,false
Hostel,College & University,expense,personal,Hostel related to Education & Learning,Personal Expenses,,false
Hostel Fee,Hostel,expense,personal,Hostel Fee related to Education & Learning,Personal Expenses,,false
Mess Fee,Hostel,expense,personal,Mess Fee related to Education & Learning,Personal Expenses,,false
Academic Charges,College & University,expense,personal,Academic Charges related to Education & Learning,Personal Expenses,,false
Lab Fee,Academic Charges,expense,personal,Lab Fee related to Education & Learning,Personal Expenses,,false
Exam Fee,Academic Charges,expense,personal,Exam Fee related to Education & Learning,Personal Expenses,,false
Library Fee,Academic Charges,expense,personal,Library Fee related to Education & Learning,Personal Expenses,,false
Coaching & Tuition,Education & Learning,expense,personal,Coaching & Tuition related to Education & Learning,Personal Expenses,,false
School Tuition,Coaching & Tuition,expense,personal,School Tuition related to Education & Learning,Personal Expenses,,false
Home Tutor,School Tuition,expense,personal,Home Tutor related to Education & Learning,Personal Expenses,,false
Coaching Centre,School Tuition,expense,personal,Coaching Centre related to Education & Learning,Personal Expenses,,false
Competitive Exams,Coaching & Tuition,expense,personal,Competitive Exams related to Education & Learning,Personal Expenses,,false
JEE Coaching,Competitive Exams,expense,personal,JEE Coaching related to Education & Learning,Personal Expenses,,false
NEET Coaching,Competitive Exams,expense,personal,NEET Coaching related to Education & Learning,Personal Expenses,,false
UPSC Coaching,Competitive Exams,expense,personal,UPSC Coaching related to Education & Learning,Personal Expenses,,false
CAT Coaching,Competitive Exams,expense,personal,CAT Coaching related to Education & Learning,Personal Expenses,,false
Bank Exam Coaching,Competitive Exams,expense,personal,Bank Exam Coaching related to Education & Learning,Personal Expenses,,false
Government Exam Coaching,Competitive Exams,expense,personal,Government Exam Coaching related to Education & Learning,Personal Expenses,,false
Online Learning,Education & Learning,expense,personal,Online Learning related to Education & Learning,Personal Expenses,,false
Online Courses,Online Learning,expense,personal,Online Courses related to Education & Learning,Personal Expenses,,false
Technical Course,Online Courses,expense,personal,Technical Course related to Education & Learning,Personal Expenses,,false
Business Course,Online Courses,expense,personal,Business Course related to Education & Learning,Personal Expenses,,false
Creative Course,Online Courses,expense,personal,Creative Course related to Education & Learning,Personal Expenses,,false
Learning Subscriptions,Online Learning,expense,personal,Learning Subscriptions related to Education & Learning,Personal Expenses,,false
Course Platform,Learning Subscriptions,expense,personal,Course Platform related to Education & Learning,Personal Expenses,,false
Language Learning,Learning Subscriptions,expense,personal,Language Learning related to Education & Learning,Personal Expenses,,false
Professional Certifications,Education & Learning,expense,personal,Professional Certifications related to Education & Learning,Personal Expenses,,false
Certification Exam,Professional Certifications,expense,personal,Certification Exam related to Education & Learning,Personal Expenses,,false
Exam Fee,Certification Exam,expense,personal,Exam Fee related to Education & Learning,Personal Expenses,,false
Registration Fee,Certification Exam,expense,personal,Registration Fee related to Education & Learning,Personal Expenses,,false
Certification Training,Professional Certifications,expense,personal,Certification Training related to Education & Learning,Personal Expenses,,false
Preparation Course,Certification Training,expense,personal,Preparation Course related to Education & Learning,Personal Expenses,,false
Bootcamp,Certification Training,expense,personal,Bootcamp related to Education & Learning,Personal Expenses,,false
Books & Knowledge,Education & Learning,expense,personal,Books & Knowledge related to Education & Learning,Personal Expenses,,false
Books,Books & Knowledge,expense,personal,Books related to Education & Learning,Personal Expenses,,false
Academic Books,Books,expense,personal,Academic Books related to Education & Learning,Personal Expenses,,false
Professional Books,Books,expense,personal,Professional Books related to Education & Learning,Personal Expenses,,false
General Books,Books,expense,personal,General Books related to Education & Learning,Personal Expenses,,false
Newspapers & Magazines,Books & Knowledge,expense,personal,Newspapers & Magazines related to Education & Learning,Personal Expenses,,false
Print Subscription,Newspapers & Magazines,expense,personal,Print Subscription related to Education & Learning,Personal Expenses,,false
Digital Subscription,Newspapers & Magazines,expense,personal,Digital Subscription related to Education & Learning,Personal Expenses,,false
Children & Parenting,Personal Expenses,expense,personal,Childcare and parenting expenses,Personal Expenses,,false
Childcare,Children & Parenting,expense,personal,Childcare related to Children & Parenting,Personal Expenses,,false
Daycare,Childcare,expense,personal,Daycare related to Children & Parenting,Personal Expenses,,false
Full-time Daycare,Daycare,expense,personal,Full-time Daycare related to Children & Parenting,Personal Expenses,,false
Part-time Daycare,Daycare,expense,personal,Part-time Daycare related to Children & Parenting,Personal Expenses,,false
Babysitting,Childcare,expense,personal,Babysitting related to Children & Parenting,Personal Expenses,,false
Hourly Babysitting,Babysitting,expense,personal,Hourly Babysitting related to Children & Parenting,Personal Expenses,,false
Overnight Babysitting,Babysitting,expense,personal,Overnight Babysitting related to Children & Parenting,Personal Expenses,,false
Nanny,Childcare,expense,personal,Nanny related to Children & Parenting,Personal Expenses,,false
Monthly Salary,Nanny,expense,personal,Monthly Salary related to Children & Parenting,Personal Expenses,,false
Overtime,Nanny,expense,personal,Overtime related to Children & Parenting,Personal Expenses,,false
Baby Needs,Children & Parenting,expense,personal,Baby Needs related to Children & Parenting,Personal Expenses,,false
Diapers & Hygiene,Baby Needs,expense,personal,Diapers & Hygiene related to Children & Parenting,Personal Expenses,,false
Diapers,Diapers & Hygiene,expense,personal,Diapers related to Children & Parenting,Personal Expenses,,false
Wipes,Diapers & Hygiene,expense,personal,Wipes related to Children & Parenting,Personal Expenses,,false
Baby Toiletries,Diapers & Hygiene,expense,personal,Baby Toiletries related to Children & Parenting,Personal Expenses,,false
Feeding,Baby Needs,expense,personal,Feeding related to Children & Parenting,Personal Expenses,,false
Formula,Feeding,expense,personal,Formula related to Children & Parenting,Personal Expenses,,false
Baby Food,Feeding,expense,personal,Baby Food related to Children & Parenting,Personal Expenses,,false
Bottles,Feeding,expense,personal,Bottles related to Children & Parenting,Personal Expenses,,false
Baby Gear,Baby Needs,expense,personal,Baby Gear related to Children & Parenting,Personal Expenses,,false
Stroller,Baby Gear,expense,personal,Stroller related to Children & Parenting,Personal Expenses,,false
Car Seat,Baby Gear,expense,personal,Car Seat related to Children & Parenting,Personal Expenses,,false
Crib,Baby Gear,expense,personal,Crib related to Children & Parenting,Personal Expenses,,false
Kids Activities,Children & Parenting,expense,personal,Kids Activities related to Children & Parenting,Personal Expenses,,false
Sports,Kids Activities,expense,personal,Sports related to Children & Parenting,Personal Expenses,,false
Coaching Fee,Sports,expense,personal,Coaching Fee related to Children & Parenting,Personal Expenses,,false
Sports Equipment,Sports,expense,personal,Sports Equipment related to Children & Parenting,Personal Expenses,,false
Music & Dance,Kids Activities,expense,personal,Music & Dance related to Children & Parenting,Personal Expenses,,false
Music Class,Music & Dance,expense,personal,Music Class related to Children & Parenting,Personal Expenses,,false
Dance Class,Music & Dance,expense,personal,Dance Class related to Children & Parenting,Personal Expenses,,false
Arts & Hobbies,Kids Activities,expense,personal,Arts & Hobbies related to Children & Parenting,Personal Expenses,,false
Art Class,Arts & Hobbies,expense,personal,Art Class related to Children & Parenting,Personal Expenses,,false
Craft Supplies,Arts & Hobbies,expense,personal,Craft Supplies related to Children & Parenting,Personal Expenses,,false
Camps,Kids Activities,expense,personal,Camps related to Children & Parenting,Personal Expenses,,false
Summer Camp,Camps,expense,personal,Summer Camp related to Children & Parenting,Personal Expenses,,false
Holiday Camp,Camps,expense,personal,Holiday Camp related to Children & Parenting,Personal Expenses,,false
Kids Clothing & Toys,Children & Parenting,expense,personal,Kids Clothing & Toys related to Children & Parenting,Personal Expenses,,false
Clothing,Kids Clothing & Toys,expense,personal,Clothing related to Children & Parenting,Personal Expenses,,false
Everyday Clothing,Clothing,expense,personal,Everyday Clothing related to Children & Parenting,Personal Expenses,,false
School Clothing,Clothing,expense,personal,School Clothing related to Children & Parenting,Personal Expenses,,false
Toys,Kids Clothing & Toys,expense,personal,Toys related to Children & Parenting,Personal Expenses,,false
Educational Toys,Toys,expense,personal,Educational Toys related to Children & Parenting,Personal Expenses,,false
General Toys,Toys,expense,personal,General Toys related to Children & Parenting,Personal Expenses,,false
Books,Kids Clothing & Toys,expense,personal,Books related to Children & Parenting,Personal Expenses,,false
Story Books,Books,expense,personal,Story Books related to Children & Parenting,Personal Expenses,,false
Activity Books,Books,expense,personal,Activity Books related to Children & Parenting,Personal Expenses,,false
Elder Care & Parents,Personal Expenses,expense,personal,Support and care for parents and elders,Personal Expenses,,false
Parent Support,Elder Care & Parents,expense,personal,Parent Support related to Elder Care & Parents,Personal Expenses,,false
Monthly Support,Parent Support,expense,personal,Monthly Support related to Elder Care & Parents,Personal Expenses,,false
Household Support,Monthly Support,expense,personal,Household Support related to Elder Care & Parents,Personal Expenses,,false
Medical Support,Monthly Support,expense,personal,Medical Support related to Elder Care & Parents,Personal Expenses,,false
One-time Support,Parent Support,expense,personal,One-time Support related to Elder Care & Parents,Personal Expenses,,false
Emergency Support,One-time Support,expense,personal,Emergency Support related to Elder Care & Parents,Personal Expenses,,false
Special Expense,One-time Support,expense,personal,Special Expense related to Elder Care & Parents,Personal Expenses,,false
Elder Healthcare,Elder Care & Parents,expense,personal,Elder Healthcare related to Elder Care & Parents,Personal Expenses,,false
Doctor Visits,Elder Healthcare,expense,personal,Doctor Visits related to Elder Care & Parents,Personal Expenses,,false
General Physician,Doctor Visits,expense,personal,General Physician related to Elder Care & Parents,Personal Expenses,,false
Specialist,Doctor Visits,expense,personal,Specialist related to Elder Care & Parents,Personal Expenses,,false
Medicines,Elder Healthcare,expense,personal,Medicines related to Elder Care & Parents,Personal Expenses,,false
Regular Medicines,Medicines,expense,personal,Regular Medicines related to Elder Care & Parents,Personal Expenses,,false
Medical Supplies,Medicines,expense,personal,Medical Supplies related to Elder Care & Parents,Personal Expenses,,false
Diagnostics,Elder Healthcare,expense,personal,Diagnostics related to Elder Care & Parents,Personal Expenses,,false
Caregiving,Elder Care & Parents,expense,personal,Caregiving related to Elder Care & Parents,Personal Expenses,,false
Care Attendant,Caregiving,expense,personal,Care Attendant related to Elder Care & Parents,Personal Expenses,,false
Day Attendant,Care Attendant,expense,personal,Day Attendant related to Elder Care & Parents,Personal Expenses,,false
Night Attendant,Care Attendant,expense,personal,Night Attendant related to Elder Care & Parents,Personal Expenses,,false
Nursing,Caregiving,expense,personal,Nursing related to Elder Care & Parents,Personal Expenses,,false
Home Nurse,Nursing,expense,personal,Home Nurse related to Elder Care & Parents,Personal Expenses,,false
Procedure Visit,Nursing,expense,personal,Procedure Visit related to Elder Care & Parents,Personal Expenses,,false
Physiotherapy,Caregiving,expense,personal,Physiotherapy related to Elder Care & Parents,Personal Expenses,,false
Home Physiotherapy,Physiotherapy,expense,personal,Home Physiotherapy related to Elder Care & Parents,Personal Expenses,,false
Clinic Physiotherapy,Physiotherapy,expense,personal,Clinic Physiotherapy related to Elder Care & Parents,Personal Expenses,,false
Senior Living,Elder Care & Parents,expense,personal,Senior Living related to Elder Care & Parents,Personal Expenses,,false
Old Age Home,Senior Living,expense,personal,Old Age Home related to Elder Care & Parents,Personal Expenses,,false
Monthly Fee,Old Age Home,expense,personal,Monthly Fee related to Elder Care & Parents,Personal Expenses,,false
Assisted Living,Senior Living,expense,personal,Assisted Living related to Elder Care & Parents,Personal Expenses,,false
Monthly Fee,Assisted Living,expense,personal,Monthly Fee related to Elder Care & Parents,Personal Expenses,,false
Care Add-on,Assisted Living,expense,personal,Care Add-on related to Elder Care & Parents,Personal Expenses,,false
Personal Care & Grooming,Personal Expenses,expense,personal,"Grooming, beauty, fitness and wellness",Personal Expenses,,false
Salon & Hair,Personal Care & Grooming,expense,personal,Salon & Hair related to Personal Care & Grooming,Personal Expenses,,false
Haircut,Salon & Hair,expense,personal,Haircut related to Personal Care & Grooming,Personal Expenses,,false
Men Haircut,Haircut,expense,personal,Men Haircut related to Personal Care & Grooming,Personal Expenses,,false
Women Haircut,Haircut,expense,personal,Women Haircut related to Personal Care & Grooming,Personal Expenses,,false
Kids Haircut,Haircut,expense,personal,Kids Haircut related to Personal Care & Grooming,Personal Expenses,,false
Hair Treatment,Salon & Hair,expense,personal,Hair Treatment related to Personal Care & Grooming,Personal Expenses,,false
Coloring,Hair Treatment,expense,personal,Coloring related to Personal Care & Grooming,Personal Expenses,,false
Spa,Hair Treatment,expense,personal,Spa related to Personal Care & Grooming,Personal Expenses,,false
Straightening / Styling,Hair Treatment,expense,personal,Straightening / Styling related to Personal Care & Grooming,Personal Expenses,,false
Beauty & Skincare,Personal Care & Grooming,expense,personal,Beauty & Skincare related to Personal Care & Grooming,Personal Expenses,,false
Skincare,Beauty & Skincare,expense,personal,Skincare related to Personal Care & Grooming,Personal Expenses,,false
Face Care,Skincare,expense,personal,Face Care related to Personal Care & Grooming,Personal Expenses,,false
Body Care,Skincare,expense,personal,Body Care related to Personal Care & Grooming,Personal Expenses,,false
Cosmetics,Beauty & Skincare,expense,personal,Cosmetics related to Personal Care & Grooming,Personal Expenses,,false
Makeup,Cosmetics,expense,personal,Makeup related to Personal Care & Grooming,Personal Expenses,,false
Beauty Products,Cosmetics,expense,personal,Beauty Products related to Personal Care & Grooming,Personal Expenses,,false
Salon Beauty,Beauty & Skincare,expense,personal,Salon Beauty related to Personal Care & Grooming,Personal Expenses,,false
Facial,Salon Beauty,expense,personal,Facial related to Personal Care & Grooming,Personal Expenses,,false
Waxing,Salon Beauty,expense,personal,Waxing related to Personal Care & Grooming,Personal Expenses,,false
Threading,Salon Beauty,expense,personal,Threading related to Personal Care & Grooming,Personal Expenses,,false
Manicure / Pedicure,Salon Beauty,expense,personal,Manicure / Pedicure related to Personal Care & Grooming,Personal Expenses,,false
Wellness,Personal Care & Grooming,expense,personal,Wellness related to Personal Care & Grooming,Personal Expenses,,false
Massage,Wellness,expense,personal,Massage related to Personal Care & Grooming,Personal Expenses,,false
Massage Session,Massage,expense,personal,Massage Session related to Personal Care & Grooming,Personal Expenses,,false
Spa,Wellness,expense,personal,Spa related to Personal Care & Grooming,Personal Expenses,,false
Spa Package,Spa,expense,personal,Spa Package related to Personal Care & Grooming,Personal Expenses,,false
Yoga & Meditation,Wellness,expense,personal,Yoga & Meditation related to Personal Care & Grooming,Personal Expenses,,false
Yoga Class,Yoga & Meditation,expense,personal,Yoga Class related to Personal Care & Grooming,Personal Expenses,,false
Meditation Class,Yoga & Meditation,expense,personal,Meditation Class related to Personal Care & Grooming,Personal Expenses,,false
Fitness,Personal Care & Grooming,expense,personal,Fitness related to Personal Care & Grooming,Personal Expenses,,false
Gym,Fitness,expense,personal,Gym related to Personal Care & Grooming,Personal Expenses,,false
Monthly Membership,Gym,expense,personal,Monthly Membership related to Personal Care & Grooming,Personal Expenses,,false
Annual Membership,Gym,expense,personal,Annual Membership related to Personal Care & Grooming,Personal Expenses,,false
Personal Training,Fitness,expense,personal,Personal Training related to Personal Care & Grooming,Personal Expenses,,false
Trainer Session,Personal Training,expense,personal,Trainer Session related to Personal Care & Grooming,Personal Expenses,,false
Fitness Classes,Fitness,expense,personal,Fitness Classes related to Personal Care & Grooming,Personal Expenses,,false
CrossFit,Fitness Classes,expense,personal,CrossFit related to Personal Care & Grooming,Personal Expenses,,false
Zumba,Fitness Classes,expense,personal,Zumba related to Personal Care & Grooming,Personal Expenses,,false
Pilates,Fitness Classes,expense,personal,Pilates related to Personal Care & Grooming,Personal Expenses,,false
Clothing & Shopping,Personal Expenses,expense,personal,"Apparel, footwear, jewellery and general shopping",Personal Expenses,,false
Clothing,Clothing & Shopping,expense,personal,Clothing related to Clothing & Shopping,Personal Expenses,,false
Men Clothing,Clothing,expense,personal,Men Clothing related to Clothing & Shopping,Personal Expenses,,false
Shirts,Men Clothing,expense,personal,Shirts related to Clothing & Shopping,Personal Expenses,,false
Trousers,Men Clothing,expense,personal,Trousers related to Clothing & Shopping,Personal Expenses,,false
Ethnic Wear,Men Clothing,expense,personal,Ethnic Wear related to Clothing & Shopping,Personal Expenses,,false
Innerwear,Men Clothing,expense,personal,Innerwear related to Clothing & Shopping,Personal Expenses,,false
Women Clothing,Clothing,expense,personal,Women Clothing related to Clothing & Shopping,Personal Expenses,,false
Tops,Women Clothing,expense,personal,Tops related to Clothing & Shopping,Personal Expenses,,false
Bottoms,Women Clothing,expense,personal,Bottoms related to Clothing & Shopping,Personal Expenses,,false
Sarees,Women Clothing,expense,personal,Sarees related to Clothing & Shopping,Personal Expenses,,false
Salwar / Kurta,Women Clothing,expense,personal,Salwar / Kurta related to Clothing & Shopping,Personal Expenses,,false
Dresses,Women Clothing,expense,personal,Dresses related to Clothing & Shopping,Personal Expenses,,false
Innerwear,Women Clothing,expense,personal,Innerwear related to Clothing & Shopping,Personal Expenses,,false
Kids Clothing,Clothing,expense,personal,Kids Clothing related to Clothing & Shopping,Personal Expenses,,false
Boys Clothing,Kids Clothing,expense,personal,Boys Clothing related to Clothing & Shopping,Personal Expenses,,false
Girls Clothing,Kids Clothing,expense,personal,Girls Clothing related to Clothing & Shopping,Personal Expenses,,false
Infant Clothing,Kids Clothing,expense,personal,Infant Clothing related to Clothing & Shopping,Personal Expenses,,false
Footwear,Clothing & Shopping,expense,personal,Footwear related to Clothing & Shopping,Personal Expenses,,false
Casual Footwear,Footwear,expense,personal,Casual Footwear related to Clothing & Shopping,Personal Expenses,,false
Shoes,Casual Footwear,expense,personal,Shoes related to Clothing & Shopping,Personal Expenses,,false
Sandals / Slippers,Casual Footwear,expense,personal,Sandals / Slippers related to Clothing & Shopping,Personal Expenses,,false
Formal Footwear,Footwear,expense,personal,Formal Footwear related to Clothing & Shopping,Personal Expenses,,false
Formal Shoes,Formal Footwear,expense,personal,Formal Shoes related to Clothing & Shopping,Personal Expenses,,false
Sports Footwear,Footwear,expense,personal,Sports Footwear related to Clothing & Shopping,Personal Expenses,,false
Running Shoes,Sports Footwear,expense,personal,Running Shoes related to Clothing & Shopping,Personal Expenses,,false
Sports Shoes,Sports Footwear,expense,personal,Sports Shoes related to Clothing & Shopping,Personal Expenses,,false
Accessories,Clothing & Shopping,expense,personal,Accessories related to Clothing & Shopping,Personal Expenses,,false
Bags & Wallets,Accessories,expense,personal,Bags & Wallets related to Clothing & Shopping,Personal Expenses,,false
Handbags,Bags & Wallets,expense,personal,Handbags related to Clothing & Shopping,Personal Expenses,,false
Backpacks,Bags & Wallets,expense,personal,Backpacks related to Clothing & Shopping,Personal Expenses,,false
Wallets,Bags & Wallets,expense,personal,Wallets related to Clothing & Shopping,Personal Expenses,,false
Fashion Accessories,Accessories,expense,personal,Fashion Accessories related to Clothing & Shopping,Personal Expenses,,false
Belts,Fashion Accessories,expense,personal,Belts related to Clothing & Shopping,Personal Expenses,,false
Scarves,Fashion Accessories,expense,personal,Scarves related to Clothing & Shopping,Personal Expenses,,false
Caps,Fashion Accessories,expense,personal,Caps related to Clothing & Shopping,Personal Expenses,,false
Watches,Accessories,expense,personal,Watches related to Clothing & Shopping,Personal Expenses,,false
Fashion Watches,Watches,expense,personal,Watches related to Clothing & Shopping,Personal Expenses,,false
Smart Watches,Watches,expense,personal,Smart Watches related to Clothing & Shopping,Personal Expenses,,false
Jewellery,Clothing & Shopping,expense,personal,Jewellery related to Clothing & Shopping,Personal Expenses,,false
Gold Jewellery,Jewellery,expense,personal,Gold Jewellery related to Clothing & Shopping,Personal Expenses,,false
Gold Ornament,Gold Jewellery,expense,personal,Gold Ornament related to Clothing & Shopping,Personal Expenses,,false
Making Charges,Gold Jewellery,expense,personal,Making Charges related to Clothing & Shopping,Personal Expenses,,false
Silver Jewellery,Jewellery,expense,personal,Silver Jewellery related to Clothing & Shopping,Personal Expenses,,false
Silver Ornament,Silver Jewellery,expense,personal,Silver Ornament related to Clothing & Shopping,Personal Expenses,,false
Fashion Jewellery,Jewellery,expense,personal,Fashion Jewellery related to Clothing & Shopping,Personal Expenses,,false
Artificial Jewellery,Fashion Jewellery,expense,personal,Artificial Jewellery related to Clothing & Shopping,Personal Expenses,,false
General Shopping,Clothing & Shopping,expense,personal,General Shopping related to Clothing & Shopping,Personal Expenses,,false
Department Store,General Shopping,expense,personal,Department Store related to Clothing & Shopping,Personal Expenses,,false
General Merchandise,Department Store,expense,personal,General Merchandise related to Clothing & Shopping,Personal Expenses,,false
Online Marketplace,General Shopping,expense,personal,Online Marketplace related to Clothing & Shopping,Personal Expenses,,false
General Online Purchase,Online Marketplace,expense,personal,General Online Purchase related to Clothing & Shopping,Personal Expenses,,false
Local Market,General Shopping,expense,personal,Local Market related to Clothing & Shopping,Personal Expenses,,false
General Local Purchase,Local Market,expense,personal,General Local Purchase related to Clothing & Shopping,Personal Expenses,,false
Electronics & Gadgets,Personal Expenses,expense,personal,Consumer electronics and gadgets,Personal Expenses,,false
Mobile & Tablet,Electronics & Gadgets,expense,personal,Mobile & Tablet related to Electronics & Gadgets,Personal Expenses,,false
Smartphone,Mobile & Tablet,expense,personal,Smartphone related to Electronics & Gadgets,Personal Expenses,,false
Android Phone,Smartphone,expense,personal,Android Phone related to Electronics & Gadgets,Personal Expenses,,false
iPhone,Smartphone,expense,personal,iPhone related to Electronics & Gadgets,Personal Expenses,,false
Tablet,Mobile & Tablet,expense,personal,Tablet related to Electronics & Gadgets,Personal Expenses,,false
Android Tablet,Tablet,expense,personal,Android Tablet related to Electronics & Gadgets,Personal Expenses,,false
iPad,Tablet,expense,personal,iPad related to Electronics & Gadgets,Personal Expenses,,false
Accessories,Mobile & Tablet,expense,personal,Accessories related to Electronics & Gadgets,Personal Expenses,,false
Case,Accessories,expense,personal,Case related to Electronics & Gadgets,Personal Expenses,,false
Screen Protector,Accessories,expense,personal,Screen Protector related to Electronics & Gadgets,Personal Expenses,,false
Charger,Accessories,expense,personal,Charger related to Electronics & Gadgets,Personal Expenses,,false
Power Bank,Accessories,expense,personal,Power Bank related to Electronics & Gadgets,Personal Expenses,,false
Computers,Electronics & Gadgets,expense,personal,Computers related to Electronics & Gadgets,Personal Expenses,,false
Laptop,Computers,expense,personal,Laptop related to Electronics & Gadgets,Personal Expenses,,false
Personal Laptop,Laptop,expense,personal,Personal Laptop related to Electronics & Gadgets,Personal Expenses,,false
Gaming Laptop,Laptop,expense,personal,Gaming Laptop related to Electronics & Gadgets,Personal Expenses,,false
Desktop,Computers,expense,personal,Desktop related to Electronics & Gadgets,Personal Expenses,,false
Desktop PC,Desktop,expense,personal,Desktop PC related to Electronics & Gadgets,Personal Expenses,,false
Mini PC,Desktop,expense,personal,Mini PC related to Electronics & Gadgets,Personal Expenses,,false
Computer Accessories,Computers,expense,personal,Computer Accessories related to Electronics & Gadgets,Personal Expenses,,false
Keyboard,Computer Accessories,expense,personal,Keyboard related to Electronics & Gadgets,Personal Expenses,,false
Mouse,Computer Accessories,expense,personal,Mouse related to Electronics & Gadgets,Personal Expenses,,false
Monitor,Computer Accessories,expense,personal,Monitor related to Electronics & Gadgets,Personal Expenses,,false
Webcam,Computer Accessories,expense,personal,Webcam related to Electronics & Gadgets,Personal Expenses,,false
Dock,Computer Accessories,expense,personal,Dock related to Electronics & Gadgets,Personal Expenses,,false
Audio & Wearables,Electronics & Gadgets,expense,personal,Audio & Wearables related to Electronics & Gadgets,Personal Expenses,,false
Headphones,Audio & Wearables,expense,personal,Headphones related to Electronics & Gadgets,Personal Expenses,,false
Wired,Headphones,expense,personal,Wired related to Electronics & Gadgets,Personal Expenses,,false
Wireless,Headphones,expense,personal,Wireless related to Electronics & Gadgets,Personal Expenses,,false
Earbuds,Audio & Wearables,expense,personal,Earbuds related to Electronics & Gadgets,Personal Expenses,,false
TWS Earbuds,Earbuds,expense,personal,TWS Earbuds related to Electronics & Gadgets,Personal Expenses,,false
Wearables,Audio & Wearables,expense,personal,Wearables related to Electronics & Gadgets,Personal Expenses,,false
Smartwatch,Wearables,expense,personal,Smartwatch related to Electronics & Gadgets,Personal Expenses,,false
Fitness Band,Wearables,expense,personal,Fitness Band related to Electronics & Gadgets,Personal Expenses,,false
Home Electronics,Electronics & Gadgets,expense,personal,Home Electronics related to Electronics & Gadgets,Personal Expenses,,false
Television,Home Electronics,expense,personal,Television related to Electronics & Gadgets,Personal Expenses,,false
LED / Smart TV,Television,expense,personal,LED / Smart TV related to Electronics & Gadgets,Personal Expenses,,false
Audio,Home Electronics,expense,personal,Audio related to Electronics & Gadgets,Personal Expenses,,false
Speaker,Audio,expense,personal,Speaker related to Electronics & Gadgets,Personal Expenses,,false
Soundbar,Audio,expense,personal,Soundbar related to Electronics & Gadgets,Personal Expenses,,false
Gaming Console,Home Electronics,expense,personal,Gaming Console related to Electronics & Gadgets,Personal Expenses,,false
Console,Gaming Console,expense,personal,Console related to Electronics & Gadgets,Personal Expenses,,false
Controller,Gaming Console,expense,personal,Controller related to Electronics & Gadgets,Personal Expenses,,false
Repair & Service,Electronics & Gadgets,expense,personal,Repair & Service related to Electronics & Gadgets,Personal Expenses,,false
Mobile Repair,Repair & Service,expense,personal,Mobile Repair related to Electronics & Gadgets,Personal Expenses,,false
Screen Repair,Mobile Repair,expense,personal,Screen Repair related to Electronics & Gadgets,Personal Expenses,,false
Battery Replacement,Mobile Repair,expense,personal,Battery Replacement related to Electronics & Gadgets,Personal Expenses,,false
Computer Repair,Repair & Service,expense,personal,Computer Repair related to Electronics & Gadgets,Personal Expenses,,false
Hardware Repair,Computer Repair,expense,personal,Hardware Repair related to Electronics & Gadgets,Personal Expenses,,false
Software Service,Computer Repair,expense,personal,Software Service related to Electronics & Gadgets,Personal Expenses,,false
Electronics Repair,Repair & Service,expense,personal,Electronics Repair related to Electronics & Gadgets,Personal Expenses,,false
TV Repair,Electronics Repair,expense,personal,TV Repair related to Electronics & Gadgets,Personal Expenses,,false
Audio Repair,Electronics Repair,expense,personal,Audio Repair related to Electronics & Gadgets,Personal Expenses,,false
"Home, Furniture & Appliances",Personal Expenses,expense,personal,"Furniture, appliances and home furnishings",Personal Expenses,,false
Furniture,"Home, Furniture & Appliances",expense,personal,"Furniture related to Home, Furniture & Appliances",Personal Expenses,,false
Living Room,Furniture,expense,personal,"Living Room related to Home, Furniture & Appliances",Personal Expenses,,false
Sofa,Living Room,expense,personal,"Sofa related to Home, Furniture & Appliances",Personal Expenses,,false
Centre Table,Living Room,expense,personal,"Centre Table related to Home, Furniture & Appliances",Personal Expenses,,false
TV Unit,Living Room,expense,personal,"TV Unit related to Home, Furniture & Appliances",Personal Expenses,,false
Bedroom,Furniture,expense,personal,"Bedroom related to Home, Furniture & Appliances",Personal Expenses,,false
Bed,Bedroom,expense,personal,"Bed related to Home, Furniture & Appliances",Personal Expenses,,false
Mattress,Bedroom,expense,personal,"Mattress related to Home, Furniture & Appliances",Personal Expenses,,false
Wardrobe,Bedroom,expense,personal,"Wardrobe related to Home, Furniture & Appliances",Personal Expenses,,false
Dining,Furniture,expense,personal,"Dining related to Home, Furniture & Appliances",Personal Expenses,,false
Dining Table,Dining,expense,personal,"Dining Table related to Home, Furniture & Appliances",Personal Expenses,,false
Dining Chairs,Dining,expense,personal,"Dining Chairs related to Home, Furniture & Appliances",Personal Expenses,,false
Office Furniture,Furniture,expense,personal,"Office Furniture related to Home, Furniture & Appliances",Personal Expenses,,false
Desk,Office Furniture,expense,personal,"Desk related to Home, Furniture & Appliances",Personal Expenses,,false
Office Chair,Office Furniture,expense,personal,"Office Chair related to Home, Furniture & Appliances",Personal Expenses,,false
Appliances,"Home, Furniture & Appliances",expense,personal,"Appliances related to Home, Furniture & Appliances",Personal Expenses,,false
Kitchen Appliances,Appliances,expense,personal,"Kitchen Appliances related to Home, Furniture & Appliances",Personal Expenses,,false
Refrigerator,Kitchen Appliances,expense,personal,"Refrigerator related to Home, Furniture & Appliances",Personal Expenses,,false
Microwave,Kitchen Appliances,expense,personal,"Microwave related to Home, Furniture & Appliances",Personal Expenses,,false
Mixer / Grinder,Kitchen Appliances,expense,personal,"Mixer / Grinder related to Home, Furniture & Appliances",Personal Expenses,,false
Induction Cooktop,Kitchen Appliances,expense,personal,"Induction Cooktop related to Home, Furniture & Appliances",Personal Expenses,,false
Water Purifier,Kitchen Appliances,expense,personal,"Water Purifier related to Home, Furniture & Appliances",Personal Expenses,,false
Laundry Appliances,Appliances,expense,personal,"Laundry Appliances related to Home, Furniture & Appliances",Personal Expenses,,false
Washing Machine,Laundry Appliances,expense,personal,"Washing Machine related to Home, Furniture & Appliances",Personal Expenses,,false
Dryer,Laundry Appliances,expense,personal,"Dryer related to Home, Furniture & Appliances",Personal Expenses,,false
Climate Appliances,Appliances,expense,personal,"Climate Appliances related to Home, Furniture & Appliances",Personal Expenses,,false
Air Conditioner,Climate Appliances,expense,personal,"Air Conditioner related to Home, Furniture & Appliances",Personal Expenses,,false
Air Cooler,Climate Appliances,expense,personal,"Air Cooler related to Home, Furniture & Appliances",Personal Expenses,,false
Fan,Climate Appliances,expense,personal,"Fan related to Home, Furniture & Appliances",Personal Expenses,,false
Cleaning Appliances,Appliances,expense,personal,"Cleaning Appliances related to Home, Furniture & Appliances",Personal Expenses,,false
Vacuum Cleaner,Cleaning Appliances,expense,personal,"Vacuum Cleaner related to Home, Furniture & Appliances",Personal Expenses,,false
Robot Vacuum,Cleaning Appliances,expense,personal,"Robot Vacuum related to Home, Furniture & Appliances",Personal Expenses,,false
Kitchenware,"Home, Furniture & Appliances",expense,personal,"Kitchenware related to Home, Furniture & Appliances",Personal Expenses,,false
Cookware,Kitchenware,expense,personal,"Cookware related to Home, Furniture & Appliances",Personal Expenses,,false
Pressure Cooker,Cookware,expense,personal,"Pressure Cooker related to Home, Furniture & Appliances",Personal Expenses,,false
Pans,Cookware,expense,personal,"Pans related to Home, Furniture & Appliances",Personal Expenses,,false
Pots,Cookware,expense,personal,"Pots related to Home, Furniture & Appliances",Personal Expenses,,false
Utensils,Kitchenware,expense,personal,"Utensils related to Home, Furniture & Appliances",Personal Expenses,,false
Plates,Utensils,expense,personal,"Plates related to Home, Furniture & Appliances",Personal Expenses,,false
Bowls,Utensils,expense,personal,"Bowls related to Home, Furniture & Appliances",Personal Expenses,,false
Cutlery,Utensils,expense,personal,"Cutlery related to Home, Furniture & Appliances",Personal Expenses,,false
Storage,Kitchenware,expense,personal,"Storage related to Home, Furniture & Appliances",Personal Expenses,,false
Containers,Storage,expense,personal,"Containers related to Home, Furniture & Appliances",Personal Expenses,,false
Bottles,Storage,expense,personal,"Bottles related to Home, Furniture & Appliances",Personal Expenses,,false
Home Decor,"Home, Furniture & Appliances",expense,personal,"Home Decor related to Home, Furniture & Appliances",Personal Expenses,,false
Decor,Home Decor,expense,personal,"Decor related to Home, Furniture & Appliances",Personal Expenses,,false
Wall Art,Decor,expense,personal,"Wall Art related to Home, Furniture & Appliances",Personal Expenses,,false
Showpieces,Decor,expense,personal,"Showpieces related to Home, Furniture & Appliances",Personal Expenses,,false
Soft Furnishings,Home Decor,expense,personal,"Soft Furnishings related to Home, Furniture & Appliances",Personal Expenses,,false
Curtains,Soft Furnishings,expense,personal,"Curtains related to Home, Furniture & Appliances",Personal Expenses,,false
Bedsheets,Soft Furnishings,expense,personal,"Bedsheets related to Home, Furniture & Appliances",Personal Expenses,,false
Cushions,Soft Furnishings,expense,personal,"Cushions related to Home, Furniture & Appliances",Personal Expenses,,false
Lighting,Home Decor,expense,personal,"Lighting related to Home, Furniture & Appliances",Personal Expenses,,false
Lamps,Lighting,expense,personal,"Lamps related to Home, Furniture & Appliances",Personal Expenses,,false
Decorative Lights,Lighting,expense,personal,"Decorative Lights related to Home, Furniture & Appliances",Personal Expenses,,false
Entertainment & Recreation,Personal Expenses,expense,personal,"Entertainment, hobbies and recreation",Personal Expenses,,false
Movies & Shows,Entertainment & Recreation,expense,personal,Movies & Shows related to Entertainment & Recreation,Personal Expenses,,false
Cinema,Movies & Shows,expense,personal,Cinema related to Entertainment & Recreation,Personal Expenses,,false
Movie Ticket,Cinema,expense,personal,Movie Ticket related to Entertainment & Recreation,Personal Expenses,,false
Cinema Food,Cinema,expense,personal,Cinema Food related to Entertainment & Recreation,Personal Expenses,,false
Theatre,Movies & Shows,expense,personal,Theatre related to Entertainment & Recreation,Personal Expenses,,false
Play Ticket,Theatre,expense,personal,Play Ticket related to Entertainment & Recreation,Personal Expenses,,false
Comedy,Movies & Shows,expense,personal,Comedy related to Entertainment & Recreation,Personal Expenses,,false
Stand-up Ticket,Comedy,expense,personal,Stand-up Ticket related to Entertainment & Recreation,Personal Expenses,,false
Music & Events,Entertainment & Recreation,expense,personal,Music & Events related to Entertainment & Recreation,Personal Expenses,,false
Concerts,Music & Events,expense,personal,Concerts related to Entertainment & Recreation,Personal Expenses,,false
Concert Ticket,Concerts,expense,personal,Concert Ticket related to Entertainment & Recreation,Personal Expenses,,false
Festival Ticket,Concerts,expense,personal,Festival Ticket related to Entertainment & Recreation,Personal Expenses,,false
Live Events,Music & Events,expense,personal,Live Events related to Entertainment & Recreation,Personal Expenses,,false
Event Ticket,Live Events,expense,personal,Event Ticket related to Entertainment & Recreation,Personal Expenses,,false
Exhibition,Live Events,expense,personal,Exhibition related to Entertainment & Recreation,Personal Expenses,,false
Gaming,Entertainment & Recreation,expense,personal,Gaming related to Entertainment & Recreation,Personal Expenses,,false
Video Games,Gaming,expense,personal,Video Games related to Entertainment & Recreation,Personal Expenses,,false
PC Game,Video Games,expense,personal,PC Game related to Entertainment & Recreation,Personal Expenses,,false
Console Game,Video Games,expense,personal,Console Game related to Entertainment & Recreation,Personal Expenses,,false
Mobile Game,Video Games,expense,personal,Mobile Game related to Entertainment & Recreation,Personal Expenses,,false
In-game Purchases,Gaming,expense,personal,In-game Purchases related to Entertainment & Recreation,Personal Expenses,,false
Game Currency,In-game Purchases,expense,personal,Game Currency related to Entertainment & Recreation,Personal Expenses,,false
Game Add-on,In-game Purchases,expense,personal,Game Add-on related to Entertainment & Recreation,Personal Expenses,,false
Gaming Subscription,Gaming,expense,personal,Gaming Subscription related to Entertainment & Recreation,Personal Expenses,,false
Game Pass,Gaming Subscription,expense,personal,Game Pass related to Entertainment & Recreation,Personal Expenses,,false
Online Membership,Gaming Subscription,expense,personal,Online Membership related to Entertainment & Recreation,Personal Expenses,,false
Hobbies,Entertainment & Recreation,expense,personal,Hobbies related to Entertainment & Recreation,Personal Expenses,,false
Photography,Hobbies,expense,personal,Photography related to Entertainment & Recreation,Personal Expenses,,false
Equipment,Photography,expense,personal,Equipment related to Entertainment & Recreation,Personal Expenses,,false
Printing,Photography,expense,personal,Printing related to Entertainment & Recreation,Personal Expenses,,false
Arts & Crafts,Hobbies,expense,personal,Arts & Crafts related to Entertainment & Recreation,Personal Expenses,,false
Materials,Arts & Crafts,expense,personal,Materials related to Entertainment & Recreation,Personal Expenses,,false
Classes,Arts & Crafts,expense,personal,Classes related to Entertainment & Recreation,Personal Expenses,,false
Gardening,Hobbies,expense,personal,Gardening related to Entertainment & Recreation,Personal Expenses,,false
Plants,Gardening,expense,personal,Plants related to Entertainment & Recreation,Personal Expenses,,false
Tools,Gardening,expense,personal,Tools related to Entertainment & Recreation,Personal Expenses,,false
Reading,Hobbies,expense,personal,Reading related to Entertainment & Recreation,Personal Expenses,,false
Books,Reading,expense,personal,Books related to Entertainment & Recreation,Personal Expenses,,false
Comics,Reading,expense,personal,Comics related to Entertainment & Recreation,Personal Expenses,,false
Recreation,Entertainment & Recreation,expense,personal,Recreation related to Entertainment & Recreation,Personal Expenses,,false
Amusement Parks,Recreation,expense,personal,Amusement Parks related to Entertainment & Recreation,Personal Expenses,,false
Entry Ticket,Amusement Parks,expense,personal,Entry Ticket related to Entertainment & Recreation,Personal Expenses,,false
Museums & Attractions,Recreation,expense,personal,Museums & Attractions related to Entertainment & Recreation,Personal Expenses,,false
Museum Ticket,Museums & Attractions,expense,personal,Museum Ticket related to Entertainment & Recreation,Personal Expenses,,false
Attraction Ticket,Museums & Attractions,expense,personal,Attraction Ticket related to Entertainment & Recreation,Personal Expenses,,false
Sports Recreation,Recreation,expense,personal,Sports Recreation related to Entertainment & Recreation,Personal Expenses,,false
Bowling,Sports Recreation,expense,personal,Bowling related to Entertainment & Recreation,Personal Expenses,,false
Badminton Court,Sports Recreation,expense,personal,Badminton Court related to Entertainment & Recreation,Personal Expenses,,false
Swimming,Sports Recreation,expense,personal,Swimming related to Entertainment & Recreation,Personal Expenses,,false
"Festivals, Religion & Ceremonies",Personal Expenses,expense,personal,"Religious, festival and ceremony-related spending",Personal Expenses,,false
Puja & Religious,"Festivals, Religion & Ceremonies",expense,personal,"Puja & Religious related to Festivals, Religion & Ceremonies",Personal Expenses,,false
Temple / Place of Worship,Puja & Religious,expense,personal,"Temple / Place of Worship related to Festivals, Religion & Ceremonies",Personal Expenses,,false
Donation,Temple / Place of Worship,expense,personal,"Donation related to Festivals, Religion & Ceremonies",Personal Expenses,,false
Offering,Temple / Place of Worship,expense,personal,"Offering related to Festivals, Religion & Ceremonies",Personal Expenses,,false
Puja Supplies,Puja & Religious,expense,personal,"Puja Supplies related to Festivals, Religion & Ceremonies",Personal Expenses,,false
Flowers,Puja Supplies,expense,personal,"Flowers related to Festivals, Religion & Ceremonies",Personal Expenses,,false
Prasad,Puja Supplies,expense,personal,"Prasad related to Festivals, Religion & Ceremonies",Personal Expenses,,false
Agarbatti,Puja Supplies,expense,personal,"Agarbatti related to Festivals, Religion & Ceremonies",Personal Expenses,,false
Diyas,Puja Supplies,expense,personal,"Diyas related to Festivals, Religion & Ceremonies",Personal Expenses,,false
Priest / Pandit,Puja & Religious,expense,personal,"Priest / Pandit related to Festivals, Religion & Ceremonies",Personal Expenses,,false
Puja Dakshina,Priest / Pandit,expense,personal,"Puja Dakshina related to Festivals, Religion & Ceremonies",Personal Expenses,,false
Ceremony Fee,Priest / Pandit,expense,personal,"Ceremony Fee related to Festivals, Religion & Ceremonies",Personal Expenses,,false
Indian Festivals,"Festivals, Religion & Ceremonies",expense,personal,"Indian Festivals related to Festivals, Religion & Ceremonies",Personal Expenses,,false
Diwali,Indian Festivals,expense,personal,"Diwali related to Festivals, Religion & Ceremonies",Personal Expenses,,false
Decorations,Diwali,expense,personal,"Decorations related to Festivals, Religion & Ceremonies",Personal Expenses,,false
Sweets,Diwali,expense,personal,"Sweets related to Festivals, Religion & Ceremonies",Personal Expenses,,false
Gifts,Diwali,expense,personal,"Gifts related to Festivals, Religion & Ceremonies",Personal Expenses,,false
Puja,Diwali,expense,personal,"Puja related to Festivals, Religion & Ceremonies",Personal Expenses,,false
Holi,Indian Festivals,expense,personal,"Holi related to Festivals, Religion & Ceremonies",Personal Expenses,,false
Colors,Holi,expense,personal,"Colors related to Festivals, Religion & Ceremonies",Personal Expenses,,false
Food,Holi,expense,personal,"Food related to Festivals, Religion & Ceremonies",Personal Expenses,,false
Raksha Bandhan,Indian Festivals,expense,personal,"Raksha Bandhan related to Festivals, Religion & Ceremonies",Personal Expenses,,false
Rakhi,Raksha Bandhan,expense,personal,"Rakhi related to Festivals, Religion & Ceremonies",Personal Expenses,,false
Gifts,Raksha Bandhan,expense,personal,"Gifts related to Festivals, Religion & Ceremonies",Personal Expenses,,false
Navratri / Durga Puja,Indian Festivals,expense,personal,"Navratri / Durga Puja related to Festivals, Religion & Ceremonies",Personal Expenses,,false
Puja,Navratri / Durga Puja,expense,personal,"Puja related to Festivals, Religion & Ceremonies",Personal Expenses,,false
Garba / Event,Navratri / Durga Puja,expense,personal,"Garba / Event related to Festivals, Religion & Ceremonies",Personal Expenses,,false
Ganesh Chaturthi,Indian Festivals,expense,personal,"Ganesh Chaturthi related to Festivals, Religion & Ceremonies",Personal Expenses,,false
Idol,Ganesh Chaturthi,expense,personal,"Idol related to Festivals, Religion & Ceremonies",Personal Expenses,,false
Puja Supplies,Ganesh Chaturthi,expense,personal,"Puja Supplies related to Festivals, Religion & Ceremonies",Personal Expenses,,false
Eid,Indian Festivals,expense,personal,"Eid related to Festivals, Religion & Ceremonies",Personal Expenses,,false
Food,Eid,expense,personal,"Food related to Festivals, Religion & Ceremonies",Personal Expenses,,false
Gifts / Eidi,Eid,expense,personal,"Gifts / Eidi related to Festivals, Religion & Ceremonies",Personal Expenses,,false
Christmas,Indian Festivals,expense,personal,"Christmas related to Festivals, Religion & Ceremonies",Personal Expenses,,false
Decorations,Christmas,expense,personal,"Decorations related to Festivals, Religion & Ceremonies",Personal Expenses,,false
Gifts,Christmas,expense,personal,"Gifts related to Festivals, Religion & Ceremonies",Personal Expenses,,false
Ceremonies,"Festivals, Religion & Ceremonies",expense,personal,"Ceremonies related to Festivals, Religion & Ceremonies",Personal Expenses,,false
Wedding,Ceremonies,expense,personal,"Wedding related to Festivals, Religion & Ceremonies",Personal Expenses,,false
Venue Contribution,Wedding,expense,personal,"Venue Contribution related to Festivals, Religion & Ceremonies",Personal Expenses,,false
Clothing,Wedding,expense,personal,"Clothing related to Festivals, Religion & Ceremonies",Personal Expenses,,false
Gift,Wedding,expense,personal,"Gift related to Festivals, Religion & Ceremonies",Personal Expenses,,false
Travel,Wedding,expense,personal,"Travel related to Festivals, Religion & Ceremonies",Personal Expenses,,false
Engagement,Ceremonies,expense,personal,"Engagement related to Festivals, Religion & Ceremonies",Personal Expenses,,false
Gift,Engagement,expense,personal,"Gift related to Festivals, Religion & Ceremonies",Personal Expenses,,false
Event Expense,Engagement,expense,personal,"Event Expense related to Festivals, Religion & Ceremonies",Personal Expenses,,false
Housewarming,Ceremonies,expense,personal,"Housewarming related to Festivals, Religion & Ceremonies",Personal Expenses,,false
Puja,Housewarming,expense,personal,"Puja related to Festivals, Religion & Ceremonies",Personal Expenses,,false
Food,Housewarming,expense,personal,"Food related to Festivals, Religion & Ceremonies",Personal Expenses,,false
Gift,Housewarming,expense,personal,"Gift related to Festivals, Religion & Ceremonies",Personal Expenses,,false
Naming / Mundan,Ceremonies,expense,personal,"Naming / Mundan related to Festivals, Religion & Ceremonies",Personal Expenses,,false
Ceremony,Naming / Mundan,expense,personal,"Ceremony related to Festivals, Religion & Ceremonies",Personal Expenses,,false
Gift,Naming / Mundan,expense,personal,"Gift related to Festivals, Religion & Ceremonies",Personal Expenses,,false
Funeral / Memorial,Ceremonies,expense,personal,"Funeral / Memorial related to Festivals, Religion & Ceremonies",Personal Expenses,,false
Ritual Expense,Funeral / Memorial,expense,personal,"Ritual Expense related to Festivals, Religion & Ceremonies",Personal Expenses,,false
Travel,Funeral / Memorial,expense,personal,"Travel related to Festivals, Religion & Ceremonies",Personal Expenses,,false
Donation,Funeral / Memorial,expense,personal,"Donation related to Festivals, Religion & Ceremonies",Personal Expenses,,false
"Gifts, Donations & Social Obligations",Personal Expenses,expense,personal,"Gifts, donations and social contributions",Personal Expenses,,false
Gifts,"Gifts, Donations & Social Obligations",expense,personal,"Gifts related to Gifts, Donations & Social Obligations",Personal Expenses,,false
Birthday Gifts,Gifts,expense,personal,"Birthday Gifts related to Gifts, Donations & Social Obligations",Personal Expenses,,false
Family,Birthday Gifts,expense,personal,"Family related to Gifts, Donations & Social Obligations",Personal Expenses,,false
Friends,Birthday Gifts,expense,personal,"Friends related to Gifts, Donations & Social Obligations",Personal Expenses,,false
Colleagues,Birthday Gifts,expense,personal,"Colleagues related to Gifts, Donations & Social Obligations",Personal Expenses,,false
Wedding Gifts,Gifts,expense,personal,"Wedding Gifts related to Gifts, Donations & Social Obligations",Personal Expenses,,false
Cash Gift,Wedding Gifts,expense,personal,"Cash Gift related to Gifts, Donations & Social Obligations",Personal Expenses,,false
Physical Gift,Wedding Gifts,expense,personal,"Physical Gift related to Gifts, Donations & Social Obligations",Personal Expenses,,false
Festival Gifts,Gifts,expense,personal,"Festival Gifts related to Gifts, Donations & Social Obligations",Personal Expenses,,false
Family,Festival Gifts,expense,personal,"Family related to Gifts, Donations & Social Obligations",Personal Expenses,,false
Friends,Festival Gifts,expense,personal,"Friends related to Gifts, Donations & Social Obligations",Personal Expenses,,false
Office,Festival Gifts,expense,personal,"Office related to Gifts, Donations & Social Obligations",Personal Expenses,,false
Corporate Gifts,Gifts,expense,personal,"Corporate Gifts related to Gifts, Donations & Social Obligations",Personal Expenses,,false
Client Gift,Corporate Gifts,expense,personal,"Client Gift related to Gifts, Donations & Social Obligations",Personal Expenses,,false
Employee Gift,Corporate Gifts,expense,personal,"Employee Gift related to Gifts, Donations & Social Obligations",Personal Expenses,,false
Donations,"Gifts, Donations & Social Obligations",expense,personal,"Donations related to Gifts, Donations & Social Obligations",Personal Expenses,,false
Charity,Donations,expense,personal,"Charity related to Gifts, Donations & Social Obligations",Personal Expenses,,false
NGO Donation,Charity,expense,personal,"NGO Donation related to Gifts, Donations & Social Obligations",Personal Expenses,,false
Relief Fund,Charity,expense,personal,"Relief Fund related to Gifts, Donations & Social Obligations",Personal Expenses,,false
Religious Donation,Donations,expense,personal,"Religious Donation related to Gifts, Donations & Social Obligations",Personal Expenses,,false
Temple,Religious Donation,expense,personal,"Temple related to Gifts, Donations & Social Obligations",Personal Expenses,,false
Mosque,Religious Donation,expense,personal,"Mosque related to Gifts, Donations & Social Obligations",Personal Expenses,,false
Church,Religious Donation,expense,personal,"Church related to Gifts, Donations & Social Obligations",Personal Expenses,,false
Gurudwara,Religious Donation,expense,personal,"Gurudwara related to Gifts, Donations & Social Obligations",Personal Expenses,,false
Other Religious Donation,Religious Donation,expense,personal,"Other Religious Donation related to Gifts, Donations & Social Obligations",Personal Expenses,,false
Crowdfunding,Donations,expense,personal,"Crowdfunding related to Gifts, Donations & Social Obligations",Personal Expenses,,false
Medical Crowdfunding,Crowdfunding,expense,personal,"Medical Crowdfunding related to Gifts, Donations & Social Obligations",Personal Expenses,,false
Social Cause,Crowdfunding,expense,personal,"Social Cause related to Gifts, Donations & Social Obligations",Personal Expenses,,false
Social Contributions,"Gifts, Donations & Social Obligations",expense,personal,"Social Contributions related to Gifts, Donations & Social Obligations",Personal Expenses,,false
Community Contribution,Social Contributions,expense,personal,"Community Contribution related to Gifts, Donations & Social Obligations",Personal Expenses,,false
Society Event,Community Contribution,expense,personal,"Society Event related to Gifts, Donations & Social Obligations",Personal Expenses,,false
Local Community,Community Contribution,expense,personal,"Local Community related to Gifts, Donations & Social Obligations",Personal Expenses,,false
Office Collection,Social Contributions,expense,personal,"Office Collection related to Gifts, Donations & Social Obligations",Personal Expenses,,false
Farewell,Office Collection,expense,personal,"Farewell related to Gifts, Donations & Social Obligations",Personal Expenses,,false
Birthday,Office Collection,expense,personal,"Birthday related to Gifts, Donations & Social Obligations",Personal Expenses,,false
Celebration,Office Collection,expense,personal,"Celebration related to Gifts, Donations & Social Obligations",Personal Expenses,,false
Pets,Personal Expenses,expense,personal,Pet care and veterinary expenses,Personal Expenses,,false
Pet Food,Pets,expense,personal,Pet Food related to Pets,Personal Expenses,,false
Dog Food,Pet Food,expense,personal,Dog Food related to Pets,Personal Expenses,,false
Dry Food,Dog Food,expense,personal,Dry Food related to Pets,Personal Expenses,,false
Wet Food,Dog Food,expense,personal,Wet Food related to Pets,Personal Expenses,,false
Treats,Dog Food,expense,personal,Treats related to Pets,Personal Expenses,,false
Cat Food,Pet Food,expense,personal,Cat Food related to Pets,Personal Expenses,,false
Dry Food,Cat Food,expense,personal,Dry Food related to Pets,Personal Expenses,,false
Wet Food,Cat Food,expense,personal,Wet Food related to Pets,Personal Expenses,,false
Treats,Cat Food,expense,personal,Treats related to Pets,Personal Expenses,,false
Other Pet Food,Pet Food,expense,personal,Other Pet Food related to Pets,Personal Expenses,,false
Bird Food,Other Pet Food,expense,personal,Bird Food related to Pets,Personal Expenses,,false
Fish Food,Other Pet Food,expense,personal,Fish Food related to Pets,Personal Expenses,,false
Veterinary,Pets,expense,personal,Veterinary related to Pets,Personal Expenses,,false
Consultation,Veterinary,expense,personal,Consultation related to Pets,Personal Expenses,,false
Routine Visit,Consultation,expense,personal,Routine Visit related to Pets,Personal Expenses,,false
Emergency Visit,Consultation,expense,personal,Emergency Visit related to Pets,Personal Expenses,,false
Vaccination,Veterinary,expense,personal,Vaccination related to Pets,Personal Expenses,,false
Annual Vaccination,Vaccination,expense,personal,Annual Vaccination related to Pets,Personal Expenses,,false
Special Vaccination,Vaccination,expense,personal,Special Vaccination related to Pets,Personal Expenses,,false
Treatment,Veterinary,expense,personal,Treatment related to Pets,Personal Expenses,,false
Medicines,Treatment,expense,personal,Medicines related to Pets,Personal Expenses,,false
Surgery,Treatment,expense,personal,Surgery related to Pets,Personal Expenses,,false
Diagnostics,Treatment,expense,personal,Diagnostics related to Pets,Personal Expenses,,false
Pet Grooming,Pets,expense,personal,Pet Grooming related to Pets,Personal Expenses,,false
Grooming,Pet Grooming,expense,personal,Grooming related to Pets,Personal Expenses,,false
Bath,Grooming,expense,personal,Bath related to Pets,Personal Expenses,,false
Haircut,Grooming,expense,personal,Haircut related to Pets,Personal Expenses,,false
Nail Trim,Grooming,expense,personal,Nail Trim related to Pets,Personal Expenses,,false
Pet Supplies,Pets,expense,personal,Pet Supplies related to Pets,Personal Expenses,,false
Accessories,Pet Supplies,expense,personal,Accessories related to Pets,Personal Expenses,,false
Leash,Accessories,expense,personal,Leash related to Pets,Personal Expenses,,false
Collar,Accessories,expense,personal,Collar related to Pets,Personal Expenses,,false
Bed,Accessories,expense,personal,Bed related to Pets,Personal Expenses,,false
Hygiene,Pet Supplies,expense,personal,Hygiene related to Pets,Personal Expenses,,false
Litter,Hygiene,expense,personal,Litter related to Pets,Personal Expenses,,false
Shampoo,Hygiene,expense,personal,Shampoo related to Pets,Personal Expenses,,false
Toys,Pet Supplies,expense,personal,Toys related to Pets,Personal Expenses,,false
Pet Toys,Toys,expense,personal,Pet Toys related to Pets,Personal Expenses,,false
Pet Services,Pets,expense,personal,Pet Services related to Pets,Personal Expenses,,false
Boarding,Pet Services,expense,personal,Boarding related to Pets,Personal Expenses,,false
Daycare,Boarding,expense,personal,Daycare related to Pets,Personal Expenses,,false
Overnight Boarding,Boarding,expense,personal,Overnight Boarding related to Pets,Personal Expenses,,false
Walking,Pet Services,expense,personal,Walking related to Pets,Personal Expenses,,false
Dog Walking,Walking,expense,personal,Dog Walking related to Pets,Personal Expenses,,false
Training,Pet Services,expense,personal,Training related to Pets,Personal Expenses,,false
Pet Training,Training,expense,personal,Pet Training related to Pets,Personal Expenses,,false
Subscriptions & Memberships,Personal Expenses,expense,personal,Recurring subscriptions and memberships,Personal Expenses,,false
Video Streaming,Subscriptions & Memberships,expense,personal,Video Streaming related to Subscriptions & Memberships,Personal Expenses,,false
OTT Platforms,Video Streaming,expense,personal,OTT Platforms related to Subscriptions & Memberships,Personal Expenses,,false
Monthly Subscription,OTT Platforms,expense,personal,Monthly Subscription related to Subscriptions & Memberships,Personal Expenses,,false
Annual Subscription,OTT Platforms,expense,personal,Annual Subscription related to Subscriptions & Memberships,Personal Expenses,,false
Music Streaming,Subscriptions & Memberships,expense,personal,Music Streaming related to Subscriptions & Memberships,Personal Expenses,,false
Music Platforms,Music Streaming,expense,personal,Music Platforms related to Subscriptions & Memberships,Personal Expenses,,false
Monthly Subscription,Music Platforms,expense,personal,Monthly Subscription related to Subscriptions & Memberships,Personal Expenses,,false
Annual Subscription,Music Platforms,expense,personal,Annual Subscription related to Subscriptions & Memberships,Personal Expenses,,false
News & Publications,Subscriptions & Memberships,expense,personal,News & Publications related to Subscriptions & Memberships,Personal Expenses,,false
Newspaper,News & Publications,expense,personal,Newspaper related to Subscriptions & Memberships,Personal Expenses,,false
Print Subscription,Newspaper,expense,personal,Print Subscription related to Subscriptions & Memberships,Personal Expenses,,false
Digital Subscription,Newspaper,expense,personal,Digital Subscription related to Subscriptions & Memberships,Personal Expenses,,false
Magazines,News & Publications,expense,personal,Magazines related to Subscriptions & Memberships,Personal Expenses,,false
Print Subscription,Magazines,expense,personal,Print Subscription related to Subscriptions & Memberships,Personal Expenses,,false
Digital Subscription,Magazines,expense,personal,Digital Subscription related to Subscriptions & Memberships,Personal Expenses,,false
Software Subscriptions,Subscriptions & Memberships,expense,personal,Software Subscriptions related to Subscriptions & Memberships,Personal Expenses,,false
Productivity,Software Subscriptions,expense,personal,Productivity related to Subscriptions & Memberships,Personal Expenses,,false
Office Software,Productivity,expense,personal,Office Software related to Subscriptions & Memberships,Personal Expenses,,false
Notes / Productivity,Productivity,expense,personal,Notes / Productivity related to Subscriptions & Memberships,Personal Expenses,,false
Cloud Storage,Software Subscriptions,expense,personal,Cloud Storage related to Subscriptions & Memberships,Personal Expenses,,false
Storage Plan,Cloud Storage,expense,personal,Storage Plan related to Subscriptions & Memberships,Personal Expenses,,false
Backup Plan,Cloud Storage,expense,personal,Backup Plan related to Subscriptions & Memberships,Personal Expenses,,false
Security,Software Subscriptions,expense,personal,Security related to Subscriptions & Memberships,Personal Expenses,,false
Antivirus,Security,expense,personal,Antivirus related to Subscriptions & Memberships,Personal Expenses,,false
VPN,Security,expense,personal,VPN related to Subscriptions & Memberships,Personal Expenses,,false
Password Manager,Security,expense,personal,Password Manager related to Subscriptions & Memberships,Personal Expenses,,false
Memberships,Subscriptions & Memberships,expense,personal,Memberships related to Subscriptions & Memberships,Personal Expenses,,false
Gym Membership,Memberships,expense,personal,Gym Membership related to Subscriptions & Memberships,Personal Expenses,,false
Monthly,Gym Membership,expense,personal,Monthly related to Subscriptions & Memberships,Personal Expenses,,false
Annual,Gym Membership,expense,personal,Annual related to Subscriptions & Memberships,Personal Expenses,,false
Club Membership,Memberships,expense,personal,Club Membership related to Subscriptions & Memberships,Personal Expenses,,false
Social Club,Club Membership,expense,personal,Social Club related to Subscriptions & Memberships,Personal Expenses,,false
Sports Club,Club Membership,expense,personal,Sports Club related to Subscriptions & Memberships,Personal Expenses,,false
Professional Membership,Memberships,expense,personal,Professional Membership related to Subscriptions & Memberships,Personal Expenses,,false
Industry Association,Professional Membership,expense,personal,Industry Association related to Subscriptions & Memberships,Personal Expenses,,false
Professional Body,Professional Membership,expense,personal,Professional Body related to Subscriptions & Memberships,Personal Expenses,,false
Delivery Membership,Memberships,expense,personal,Delivery Membership related to Subscriptions & Memberships,Personal Expenses,,false
E-commerce Membership,Delivery Membership,expense,personal,E-commerce Membership related to Subscriptions & Memberships,Personal Expenses,,false
Food Delivery Membership,Delivery Membership,expense,personal,Food Delivery Membership related to Subscriptions & Memberships,Personal Expenses,,false
Banking & Financial Fees,Personal Expenses,expense,personal,"Bank, card, payment and brokerage fees",Personal Expenses,,false
Bank Charges,Banking & Financial Fees,expense,personal,Bank Charges related to Banking & Financial Fees,Personal Expenses,,false
Account Charges,Bank Charges,expense,personal,Account Charges related to Banking & Financial Fees,Personal Expenses,,false
Maintenance Fee,Account Charges,expense,personal,Maintenance Fee related to Banking & Financial Fees,Personal Expenses,,false
Minimum Balance Penalty,Account Charges,expense,personal,Minimum Balance Penalty related to Banking & Financial Fees,Personal Expenses,,false
ATM Charges,Bank Charges,expense,personal,ATM Charges related to Banking & Financial Fees,Personal Expenses,,false
Domestic ATM Fee,ATM Charges,expense,personal,Domestic ATM Fee related to Banking & Financial Fees,Personal Expenses,,false
International ATM Fee,ATM Charges,expense,personal,International ATM Fee related to Banking & Financial Fees,Personal Expenses,,false
Cheque Charges,Bank Charges,expense,personal,Cheque Charges related to Banking & Financial Fees,Personal Expenses,,false
Cheque Book Fee,Cheque Charges,expense,personal,Cheque Book Fee related to Banking & Financial Fees,Personal Expenses,,false
Cheque Return Fee,Cheque Charges,expense,personal,Cheque Return Fee related to Banking & Financial Fees,Personal Expenses,,false
Transfer Charges,Bank Charges,expense,personal,Transfer Charges related to Banking & Financial Fees,Personal Expenses,,false
NEFT / RTGS Fee,Transfer Charges,expense,personal,NEFT / RTGS Fee related to Banking & Financial Fees,Personal Expenses,,false
IMPS Fee,Transfer Charges,expense,personal,IMPS Fee related to Banking & Financial Fees,Personal Expenses,,false
International Transfer Fee,Transfer Charges,expense,personal,International Transfer Fee related to Banking & Financial Fees,Personal Expenses,,false
Card Charges,Banking & Financial Fees,expense,personal,Card Charges related to Banking & Financial Fees,Personal Expenses,,false
Credit Card,Card Charges,expense,personal,Credit Card related to Banking & Financial Fees,Personal Expenses,,false
Annual Fee,Credit Card,expense,personal,Annual Fee related to Banking & Financial Fees,Personal Expenses,,false
Late Fee,Credit Card,expense,personal,Late Fee related to Banking & Financial Fees,Personal Expenses,,false
Overlimit Fee,Credit Card,expense,personal,Overlimit Fee related to Banking & Financial Fees,Personal Expenses,,false
Cash Advance Fee,Credit Card,expense,personal,Cash Advance Fee related to Banking & Financial Fees,Personal Expenses,,false
Debit Card,Card Charges,expense,personal,Debit Card related to Banking & Financial Fees,Personal Expenses,,false
Annual Fee,Debit Card,expense,personal,Annual Fee related to Banking & Financial Fees,Personal Expenses,,false
Replacement Fee,Debit Card,expense,personal,Replacement Fee related to Banking & Financial Fees,Personal Expenses,,false
Foreign Currency,Card Charges,expense,personal,Foreign Currency related to Banking & Financial Fees,Personal Expenses,,false
Forex Markup,Foreign Currency,expense,personal,Forex Markup related to Banking & Financial Fees,Personal Expenses,,false
Dynamic Currency Conversion,Foreign Currency,expense,personal,Dynamic Currency Conversion related to Banking & Financial Fees,Personal Expenses,,false
Payment Charges,Banking & Financial Fees,expense,personal,Payment Charges related to Banking & Financial Fees,Personal Expenses,,false
UPI / Wallet,Payment Charges,expense,personal,UPI / Wallet related to Banking & Financial Fees,Personal Expenses,,false
Wallet Fee,UPI / Wallet,expense,personal,Wallet Fee related to Banking & Financial Fees,Personal Expenses,,false
Convenience Fee,UPI / Wallet,expense,personal,Convenience Fee related to Banking & Financial Fees,Personal Expenses,,false
Payment Gateway,Payment Charges,expense,personal,Payment Gateway related to Banking & Financial Fees,Personal Expenses,,false
Processing Fee,Payment Gateway,expense,personal,Processing Fee related to Banking & Financial Fees,Personal Expenses,,false
Demat & Brokerage Fees,Banking & Financial Fees,expense,personal,Demat & Brokerage Fees related to Banking & Financial Fees,Personal Expenses,,false
Brokerage,Demat & Brokerage Fees,expense,personal,Brokerage related to Banking & Financial Fees,Personal Expenses,,false
Equity Brokerage,Brokerage,expense,personal,Equity Brokerage related to Banking & Financial Fees,Personal Expenses,,false
F&O Brokerage,Brokerage,expense,personal,F&O Brokerage related to Banking & Financial Fees,Personal Expenses,,false
Demat Charges,Demat & Brokerage Fees,expense,personal,Demat Charges related to Banking & Financial Fees,Personal Expenses,,false
AMC,Demat Charges,expense,personal,AMC related to Banking & Financial Fees,Personal Expenses,,false
DP Charge,Demat Charges,expense,personal,DP Charge related to Banking & Financial Fees,Personal Expenses,,false
Exchange Charges,Demat & Brokerage Fees,expense,personal,Exchange Charges related to Banking & Financial Fees,Personal Expenses,,false
Transaction Charge,Exchange Charges,expense,personal,Transaction Charge related to Banking & Financial Fees,Personal Expenses,,false
SEBI Charge,Exchange Charges,expense,personal,SEBI Charge related to Banking & Financial Fees,Personal Expenses,,false
Loans & EMIs,Personal Expenses,expense,personal,"Loan repayments, EMIs and financing charges",Personal Expenses,,false
Home Loan,Loans & EMIs,expense,personal,Home Loan related to Loans & EMIs,Personal Expenses,,false
EMI,Home Loan,expense,personal,EMI related to Loans & EMIs,Personal Expenses,,false
Principal,EMI,expense,personal,Principal related to Loans & EMIs,Personal Expenses,,false
Interest,EMI,expense,personal,Interest related to Loans & EMIs,Personal Expenses,,false
Charges,Home Loan,expense,personal,Charges related to Loans & EMIs,Personal Expenses,,false
Processing Fee,Charges,expense,personal,Processing Fee related to Loans & EMIs,Personal Expenses,,false
Prepayment Charge,Charges,expense,personal,Prepayment Charge related to Loans & EMIs,Personal Expenses,,false
Late Fee,Charges,expense,personal,Late Fee related to Loans & EMIs,Personal Expenses,,false
Personal Loan,Loans & EMIs,expense,personal,Personal Loan related to Loans & EMIs,Personal Expenses,,false
EMI,Personal Loan,expense,personal,EMI related to Loans & EMIs,Personal Expenses,,false
Charges,Personal Loan,expense,personal,Charges related to Loans & EMIs,Personal Expenses,,false
Car Loan,Loans & EMIs,expense,personal,Car Loan related to Loans & EMIs,Personal Expenses,,false
EMI,Car Loan,expense,personal,EMI related to Loans & EMIs,Personal Expenses,,false
Charges,Car Loan,expense,personal,Charges related to Loans & EMIs,Personal Expenses,,false
Two-wheeler Loan,Loans & EMIs,expense,personal,Two-wheeler Loan related to Loans & EMIs,Personal Expenses,,false
EMI,Two-wheeler Loan,expense,personal,EMI related to Loans & EMIs,Personal Expenses,,false
Charges,Two-wheeler Loan,expense,personal,Charges related to Loans & EMIs,Personal Expenses,,false
Education Loan,Loans & EMIs,expense,personal,Education Loan related to Loans & EMIs,Personal Expenses,,false
EMI,Education Loan,expense,personal,EMI related to Loans & EMIs,Personal Expenses,,false
Charges,Education Loan,expense,personal,Charges related to Loans & EMIs,Personal Expenses,,false
Consumer Durable Loan,Loans & EMIs,expense,personal,Consumer Durable Loan related to Loans & EMIs,Personal Expenses,,false
EMI,Consumer Durable Loan,expense,personal,EMI related to Loans & EMIs,Personal Expenses,,false
Buy Now Pay Later,Loans & EMIs,expense,personal,Buy Now Pay Later related to Loans & EMIs,Personal Expenses,,false
BNPL Payment,Buy Now Pay Later,expense,personal,BNPL Payment related to Loans & EMIs,Personal Expenses,,false
Principal,BNPL Payment,expense,personal,Principal related to Loans & EMIs,Personal Expenses,,false
Interest / Fee,BNPL Payment,expense,personal,Interest / Fee related to Loans & EMIs,Personal Expenses,,false
Credit Card Revolving,Loans & EMIs,expense,personal,Credit Card Revolving related to Loans & EMIs,Personal Expenses,,false
Card Interest,Credit Card Revolving,expense,personal,Card Interest related to Loans & EMIs,Personal Expenses,,false
Finance Charge,Card Interest,expense,personal,Finance Charge related to Loans & EMIs,Personal Expenses,,false
Card EMI,Credit Card Revolving,expense,personal,Card EMI related to Loans & EMIs,Personal Expenses,,false
Principal,Card EMI,expense,personal,Principal related to Loans & EMIs,Personal Expenses,,false
Interest,Card EMI,expense,personal,Interest related to Loans & EMIs,Personal Expenses,,false
Gold Loan,Loans & EMIs,expense,personal,Gold Loan related to Loans & EMIs,Personal Expenses,,false
EMI / Repayment,Gold Loan,expense,personal,EMI / Repayment related to Loans & EMIs,Personal Expenses,,false
Principal,EMI / Repayment,expense,personal,Principal related to Loans & EMIs,Personal Expenses,,false
Interest,EMI / Repayment,expense,personal,Interest related to Loans & EMIs,Personal Expenses,,false
Savings,Transfers,transfer,personal,Savings allocations and internal transfers,Transfers,,false
Emergency Fund,Savings,transfer,personal,Emergency Fund related to Savings,Transfers,,false
Contributions,Emergency Fund,transfer,personal,Contributions related to Savings,Transfers,,false
Monthly Contribution,Contributions,transfer,personal,Monthly Contribution related to Savings,Transfers,,false
One-time Contribution,Contributions,transfer,personal,One-time Contribution related to Savings,Transfers,,false
Withdrawals,Emergency Fund,transfer,personal,Withdrawals related to Savings,Transfers,,false
Emergency Withdrawal,Withdrawals,transfer,personal,Emergency Withdrawal related to Savings,Transfers,,false
Short-term Savings,Savings,transfer,personal,Short-term Savings related to Savings,Transfers,,false
Travel Fund,Short-term Savings,transfer,personal,Travel Fund related to Savings,Transfers,,false
Contribution,Travel Fund,transfer,personal,Contribution related to Savings,Transfers,,false
Festival Fund,Short-term Savings,transfer,personal,Festival Fund related to Savings,Transfers,,false
Contribution,Festival Fund,transfer,personal,Contribution related to Savings,Transfers,,false
Home Purchase Fund,Short-term Savings,transfer,personal,Home Purchase Fund related to Savings,Transfers,,false
Contribution,Home Purchase Fund,transfer,personal,Contribution related to Savings,Transfers,,false
Education Fund,Short-term Savings,transfer,personal,Education Fund related to Savings,Transfers,,false
Contribution,Education Fund,transfer,personal,Contribution related to Savings,Transfers,,false
Bank Savings,Savings,transfer,personal,Bank Savings related to Savings,Transfers,,false
Savings Account Transfer,Bank Savings,transfer,personal,Savings Account Transfer related to Savings,Transfers,,false
Own Account Transfer,Savings Account Transfer,transfer,personal,Own Account Transfer related to Savings,Transfers,,false
Recurring Deposit,Bank Savings,transfer,personal,Recurring Deposit related to Savings,Transfers,,false
Monthly RD Contribution,Recurring Deposit,transfer,personal,Monthly RD Contribution related to Savings,Transfers,,false
Cash Savings,Savings,transfer,personal,Cash Savings related to Savings,Transfers,,false
Cash Envelope,Cash Savings,transfer,personal,Cash Envelope related to Savings,Transfers,,false
Household Envelope,Cash Envelope,transfer,personal,Household Envelope related to Savings,Transfers,,false
Goal Envelope,Cash Envelope,transfer,personal,Goal Envelope related to Savings,Transfers,,false
Personal Investments,Investments,investment,personal,Personal investments and retirement savings,Investments,,false
Mutual Funds,Personal Investments,investment,personal,Mutual Funds related to Investments,Investments,,false
SIP Investments,Mutual Funds,investment,personal,SIP Investments related to Investments,Investments,,false
Equity SIP,SIP Investments,investment,personal,Equity SIP related to Investments,Investments,,false
Debt SIP,SIP Investments,investment,personal,Debt SIP related to Investments,Investments,,false
Hybrid SIP,SIP Investments,investment,personal,Hybrid SIP related to Investments,Investments,,false
Index Fund SIP,SIP Investments,investment,personal,Index Fund SIP related to Investments,Investments,,false
Lump Sum,Mutual Funds,investment,personal,Lump Sum related to Investments,Investments,,false
Equity Fund,Lump Sum,investment,personal,Equity Fund related to Investments,Investments,,false
Debt Fund,Lump Sum,investment,personal,Debt Fund related to Investments,Investments,,false
Hybrid Fund,Lump Sum,investment,personal,Hybrid Fund related to Investments,Investments,,false
Index Fund,Lump Sum,investment,personal,Index Fund related to Investments,Investments,,false
Redemption,Mutual Funds,investment,personal,Redemption related to Investments,Investments,,false
Partial Redemption,Redemption,investment,personal,Partial Redemption related to Investments,Investments,,false
Full Redemption,Redemption,investment,personal,Full Redemption related to Investments,Investments,,false
Equity,Personal Investments,investment,personal,Equity related to Investments,Investments,,false
Stocks,Equity,investment,personal,Stocks related to Investments,Investments,,false
Indian Equity Purchase,Stocks,investment,personal,Indian Equity Purchase related to Investments,Investments,,false
Indian Equity Sale,Stocks,investment,personal,Indian Equity Sale related to Investments,Investments,,false
International Equity Purchase,Stocks,investment,personal,International Equity Purchase related to Investments,Investments,,false
International Equity Sale,Stocks,investment,personal,International Equity Sale related to Investments,Investments,,false
ETFs,Equity,investment,personal,ETFs related to Investments,Investments,,false
Equity ETF,ETFs,investment,personal,Equity ETF related to Investments,Investments,,false
Debt ETF,ETFs,investment,personal,Debt ETF related to Investments,Investments,,false
Gold ETF,ETFs,investment,personal,Gold ETF related to Investments,Investments,,false
International ETF,ETFs,investment,personal,International ETF related to Investments,Investments,,false
Retirement,Personal Investments,investment,personal,Retirement related to Investments,Investments,,false
EPF,Retirement,investment,personal,EPF related to Investments,Investments,,false
Employee Contribution,EPF,investment,personal,Employee Contribution related to Investments,Investments,,false
Voluntary PF,EPF,investment,personal,Voluntary PF related to Investments,Investments,,false
PPF,Retirement,investment,personal,PPF related to Investments,Investments,,false
Contribution,PPF,investment,personal,Contribution related to Investments,Investments,,false
NPS,Retirement,investment,personal,NPS related to Investments,Investments,,false
Tier I Contribution,NPS,investment,personal,Tier I Contribution related to Investments,Investments,,false
Tier II Contribution,NPS,investment,personal,Tier II Contribution related to Investments,Investments,,false
Superannuation,Retirement,investment,personal,Superannuation related to Investments,Investments,,false
Contribution,Superannuation,investment,personal,Contribution related to Investments,Investments,,false
Fixed Income,Personal Investments,investment,personal,Fixed Income related to Investments,Investments,,false
Fixed Deposit,Fixed Income,investment,personal,Fixed Deposit related to Investments,Investments,,false
New FD,Fixed Deposit,investment,personal,New FD related to Investments,Investments,,false
FD Renewal,Fixed Deposit,investment,personal,FD Renewal related to Investments,Investments,,false
Recurring Deposit,Fixed Income,investment,personal,Recurring Deposit related to Investments,Investments,,false
RD Contribution,Recurring Deposit,investment,personal,RD Contribution related to Investments,Transfers,,false
Bonds,Fixed Income,investment,personal,Bonds related to Investments,Investments,,false
Government Bond,Bonds,investment,personal,Government Bond related to Investments,Investments,,false
Corporate Bond,Bonds,investment,personal,Corporate Bond related to Investments,Investments,,false
Treasury Bills,Fixed Income,investment,personal,Treasury Bills related to Investments,Investments,,false
T-Bill Purchase,Treasury Bills,investment,personal,T-Bill Purchase related to Investments,Investments,,false
Gold & Precious Metals,Personal Investments,investment,personal,Gold & Precious Metals related to Investments,Investments,,false
Physical Gold,Gold & Precious Metals,investment,personal,Physical Gold related to Investments,Investments,,false
Jewellery Investment,Physical Gold,investment,personal,Jewellery Investment related to Investments,Investments,,false
Coins / Bars,Physical Gold,investment,personal,Coins / Bars related to Investments,Investments,,false
Sovereign Gold Bonds,Gold & Precious Metals,investment,personal,Sovereign Gold Bonds related to Investments,Investments,,false
SGB Purchase,Sovereign Gold Bonds,investment,personal,SGB Purchase related to Investments,Investments,,false
Digital Gold,Gold & Precious Metals,investment,personal,Digital Gold related to Investments,Investments,,false
Digital Gold Purchase,Digital Gold,investment,personal,Digital Gold Purchase related to Investments,Investments,,false
Silver,Gold & Precious Metals,investment,personal,Silver related to Investments,Investments,,false
Silver Coins / Bars,Silver,investment,personal,Silver Coins / Bars related to Investments,Investments,,false
Real Estate Investment,Personal Investments,investment,personal,Real Estate Investment related to Investments,Investments,,false
Property Investment,Real Estate Investment,investment,personal,Property Investment related to Investments,Investments,,false
Residential Property,Property Investment,investment,personal,Residential Property related to Investments,Investments,,false
Commercial Property,Property Investment,investment,personal,Commercial Property related to Investments,Investments,,false
REIT,Real Estate Investment,investment,personal,REIT related to Investments,Investments,,false
REIT Purchase,REIT,investment,personal,REIT Purchase related to Investments,Investments,,false
Alternative Investments,Personal Investments,investment,personal,Alternative Investments related to Investments,Investments,,false
P2P Lending,Alternative Investments,investment,personal,P2P Lending related to Investments,Investments,,false
Investment,P2P Lending,investment,personal,Investment related to Investments,Investments,,false
Startup / Angel,Alternative Investments,investment,personal,Startup / Angel related to Investments,Investments,,false
Angel Investment,Startup / Angel,investment,personal,Angel Investment related to Investments,Investments,,false
Crypto / Digital Assets,Alternative Investments,investment,personal,Crypto / Digital Assets related to Investments,Investments,,false
Purchase,Crypto / Digital Assets,investment,personal,Purchase related to Investments,Investments,,false
Sale,Crypto / Digital Assets,investment,personal,Sale related to Investments,Investments,,false
Taxes & Government Payments,Personal Expenses,expense,personal,"Taxes, challans and government fees",Personal Expenses,,false
Income Tax,Taxes & Government Payments,expense,personal,Income Tax related to Taxes & Government Payments,Personal Expenses,,false
Advance Tax,Income Tax,expense,personal,Advance Tax related to Taxes & Government Payments,Personal Expenses,,false
Quarterly Payment,Advance Tax,expense,personal,Quarterly Payment related to Taxes & Government Payments,Personal Expenses,,false
Self Assessment Tax,Income Tax,expense,personal,Self Assessment Tax related to Taxes & Government Payments,Personal Expenses,,false
Tax Payment,Self Assessment Tax,expense,personal,Tax Payment related to Taxes & Government Payments,Personal Expenses,,false
TDS / Withholding,Income Tax,expense,personal,TDS / Withholding related to Taxes & Government Payments,Personal Expenses,,false
Salary TDS,TDS / Withholding,expense,personal,Salary TDS related to Taxes & Government Payments,Personal Expenses,,false
Interest TDS,TDS / Withholding,expense,personal,Interest TDS related to Taxes & Government Payments,Personal Expenses,,false
Professional TDS,TDS / Withholding,expense,personal,Professional TDS related to Taxes & Government Payments,Personal Expenses,,false
Tax Filing,Income Tax,expense,personal,Tax Filing related to Taxes & Government Payments,Personal Expenses,,false
Income Tax Filing Fee,Tax Filing,expense,personal,Income Tax Filing Fee related to Taxes & Government Payments,Personal Expenses,,false
CA Fee,Tax Filing,expense,personal,CA Fee related to Taxes & Government Payments,Personal Expenses,,false
Property & Municipal Tax,Taxes & Government Payments,expense,personal,Property & Municipal Tax related to Taxes & Government Payments,Personal Expenses,,false
Property Tax,Property & Municipal Tax,expense,personal,Property Tax related to Taxes & Government Payments,Personal Expenses,,false
Municipal Tax,Property Tax,expense,personal,Municipal Tax related to Taxes & Government Payments,Personal Expenses,,false
Water / Sewer Tax,Property & Municipal Tax,expense,personal,Water / Sewer Tax related to Taxes & Government Payments,Personal Expenses,,false
Municipal Charge,Water / Sewer Tax,expense,personal,Municipal Charge related to Taxes & Government Payments,Personal Expenses,,false
Vehicle Government Charges,Taxes & Government Payments,expense,personal,Vehicle Government Charges related to Taxes & Government Payments,Personal Expenses,,false
Road Tax,Vehicle Government Charges,expense,personal,Road Tax related to Taxes & Government Payments,Personal Expenses,,false
Traffic Challan,Vehicle Government Charges,expense,personal,Traffic Challan related to Taxes & Government Payments,Personal Expenses,,false
Speeding Challan,Traffic Challan,expense,personal,Speeding Challan related to Taxes & Government Payments,Personal Expenses,,false
Parking Challan,Traffic Challan,expense,personal,Parking Challan related to Taxes & Government Payments,Personal Expenses,,false
Signal Violation,Traffic Challan,expense,personal,Signal Violation related to Taxes & Government Payments,Personal Expenses,,false
RTO Fee,Vehicle Government Charges,expense,personal,RTO Fee related to Taxes & Government Payments,Personal Expenses,,false
Registration Fee,RTO Fee,expense,personal,Registration Fee related to Taxes & Government Payments,Personal Expenses,,false
License Fee,RTO Fee,expense,personal,License Fee related to Taxes & Government Payments,Personal Expenses,,false
Professional Tax,Taxes & Government Payments,expense,personal,Professional Tax related to Taxes & Government Payments,Personal Expenses,,false
Employment Professional Tax,Professional Tax,expense,personal,Employment Professional Tax related to Taxes & Government Payments,Personal Expenses,,false
State Professional Tax,Employment Professional Tax,expense,personal,State Professional Tax related to Taxes & Government Payments,Personal Expenses,,false
GST & Indirect Tax Personal,Taxes & Government Payments,expense,personal,GST & Indirect Tax Personal related to Taxes & Government Payments,Personal Expenses,,false
GST on Services,GST & Indirect Tax Personal,expense,personal,GST on Services related to Taxes & Government Payments,Personal Expenses,,false
Service GST,GST on Services,expense,personal,Service GST related to Taxes & Government Payments,Personal Expenses,,false
Customs Duty,GST & Indirect Tax Personal,expense,personal,Customs Duty related to Taxes & Government Payments,Personal Expenses,,false
Import Duty,Customs Duty,expense,personal,Import Duty related to Taxes & Government Payments,Personal Expenses,,false
Government Documents,Taxes & Government Payments,expense,personal,Government Documents related to Taxes & Government Payments,Personal Expenses,,false
Aadhaar Services,Government Documents,expense,personal,Aadhaar Services related to Taxes & Government Payments,Personal Expenses,,false
Update Fee,Aadhaar Services,expense,personal,Update Fee related to Taxes & Government Payments,Personal Expenses,,false
PAN Services,Government Documents,expense,personal,PAN Services related to Taxes & Government Payments,Personal Expenses,,false
PAN Application / Correction,PAN Services,expense,personal,PAN Application / Correction related to Taxes & Government Payments,Personal Expenses,,false
Passport Services,Government Documents,expense,personal,Passport Services related to Taxes & Government Payments,Personal Expenses,,false
Passport Fee,Passport Services,expense,personal,Passport Fee related to Taxes & Government Payments,Personal Expenses,,false
Certificates,Government Documents,expense,personal,Certificates related to Taxes & Government Payments,Personal Expenses,,false
Birth / Death Certificate,Certificates,expense,personal,Birth / Death Certificate related to Taxes & Government Payments,Personal Expenses,,false
Marriage Certificate,Certificates,expense,personal,Marriage Certificate related to Taxes & Government Payments,Personal Expenses,,false
Personal Transfers,Transfers,transfer,personal,Non-income and non-expense transfers,Transfers,,false
Own Bank Accounts,Personal Transfers,transfer,personal,Own Bank Accounts related to Transfers,Transfers,,false
Same Bank,Own Bank Accounts,transfer,personal,Same Bank related to Transfers,Transfers,,false
Savings to Current,Same Bank,transfer,personal,Savings to Current related to Transfers,Transfers,,false
Current to Savings,Same Bank,transfer,personal,Current to Savings related to Transfers,Transfers,,false
Different Banks,Own Bank Accounts,transfer,personal,Different Banks related to Transfers,Transfers,,false
Bank to Bank Transfer,Different Banks,transfer,personal,Bank to Bank Transfer related to Transfers,Transfers,,false
UPI Transfers,Personal Transfers,transfer,personal,UPI Transfers related to Transfers,Transfers,,false
Own UPI,UPI Transfers,transfer,personal,Own UPI related to Transfers,Transfers,,false
Own Account Transfer,Own UPI,transfer,personal,Own Account Transfer related to Transfers,Transfers,,false
Person-to-Person,UPI Transfers,transfer,personal,Person-to-Person related to Transfers,Transfers,,false
Family Transfer,Person-to-Person,transfer,personal,Family Transfer related to Transfers,Transfers,,false
Friend Transfer,Person-to-Person,transfer,personal,Friend Transfer related to Transfers,Transfers,,false
Credit Card Payment,Personal Transfers,transfer,personal,Credit Card Payment related to Transfers,Transfers,,false
Bank to Card,Credit Card Payment,transfer,personal,Bank to Card related to Transfers,Transfers,,false
Full Payment,Bank to Card,transfer,personal,Full Payment related to Transfers,Transfers,,false
Partial Payment,Bank to Card,transfer,personal,Partial Payment related to Transfers,Transfers,,false
Wallet Transfer,Personal Transfers,transfer,personal,Wallet Transfer related to Transfers,Transfers,,false
Wallet Top-up,Wallet Transfer,transfer,personal,Wallet Top-up related to Transfers,Transfers,,false
From Bank,Wallet Top-up,transfer,personal,From Bank related to Transfers,Transfers,,false
From Card,Wallet Top-up,transfer,personal,From Card related to Transfers,Transfers,,false
Wallet Withdrawal,Wallet Transfer,transfer,personal,Wallet Withdrawal related to Transfers,Transfers,,false
To Bank,Wallet Withdrawal,transfer,personal,To Bank related to Transfers,Transfers,,false
Investment Transfer,Personal Transfers,transfer,personal,Investment Transfer related to Transfers,Transfers,,false
Bank to Broker,Investment Transfer,transfer,personal,Bank to Broker related to Transfers,Transfers,,false
Trading Account Funding,Bank to Broker,transfer,personal,Trading Account Funding related to Transfers,Transfers,,false
Broker to Bank,Investment Transfer,transfer,personal,Broker to Bank related to Transfers,Transfers,,false
Trading Withdrawal,Broker to Bank,transfer,personal,Trading Withdrawal related to Transfers,Transfers,,false
Cash Movement,Personal Transfers,transfer,personal,Cash Movement related to Transfers,Transfers,,false
ATM Withdrawal,Cash Movement,transfer,personal,ATM Withdrawal related to Transfers,Transfers,,false
Cash Withdrawal,ATM Withdrawal,transfer,personal,Cash Withdrawal related to Transfers,Transfers,,false
Cash Deposit,Cash Movement,transfer,personal,Cash Deposit related to Transfers,Transfers,,false
Cash Deposit Transfer,Cash Deposit,transfer,personal,Cash Deposit related to Transfers,Transfers,,false
Cash,Transfers,transfer,personal,"Cash withdrawals, deposits and cash tracking",Transfers,,false
Cash Withdrawal,Cash,transfer,personal,Cash Withdrawal related to Cash,Transfers,,false
ATM,Cash Withdrawal,transfer,personal,ATM related to Cash,Transfers,,false
Own Bank ATM,ATM,transfer,personal,Own Bank ATM related to Cash,Transfers,,false
Other Bank ATM,ATM,transfer,personal,Other Bank ATM related to Cash,Transfers,,false
Branch,Cash Withdrawal,transfer,personal,Branch related to Cash,Transfers,,false
Teller Withdrawal,Branch,transfer,personal,Teller Withdrawal related to Cash,Transfers,,false
Cash Deposit,Cash,transfer,personal,Cash Deposit related to Cash,Transfers,,false
Cash Deposit Machine,Cash Deposit,transfer,personal,Cash Deposit Machine related to Cash,Transfers,,false
CDM Deposit,Cash Deposit Machine,transfer,personal,CDM Deposit related to Cash,Transfers,,false
Branch,Cash Deposit,transfer,personal,Branch related to Cash,Transfers,,false
Teller Deposit,Branch,transfer,personal,Teller Deposit related to Cash,Transfers,,false
Cash Expense Tracking,Cash,expense,personal,Cash Expense Tracking related to Cash,Transfers,,false
Known Cash Expense,Cash Expense Tracking,expense,personal,Known Cash Expense related to Cash,Transfers,,false
Food,Known Cash Expense,expense,personal,Food related to Cash,Transfers,,false
Transport,Known Cash Expense,expense,personal,Transport related to Cash,Transfers,,false
Shopping,Known Cash Expense,expense,personal,Shopping related to Cash,Transfers,,false
Domestic Help,Known Cash Expense,transfer,personal,Domestic Help related to Cash,Transfers,,false
Unknown Cash Expense,Cash Expense Tracking,expense,personal,Unknown Cash Expense related to Cash,Transfers,,false
Unclassified Cash,Unknown Cash Expense,expense,personal,Unclassified Cash related to Cash,Transfers,,false
Petty Cash,Cash,transfer,personal,Petty Cash related to Cash,Transfers,,false
Household Petty Cash,Petty Cash,transfer,personal,Household Petty Cash related to Cash,Transfers,,false
Top-up,Household Petty Cash,transfer,personal,Top-up related to Cash,Transfers,,false
Spend,Household Petty Cash,transfer,personal,Spend related to Cash,Transfers,,false
Refunds & Reimbursements,Personal Income,income,personal,"Refunds, reversals and reimbursements",Personal Income,,false
Purchase Refunds,Refunds & Reimbursements,income,personal,Purchase Refunds related to Refunds & Reimbursements,Personal Income,,false
Shopping Refund,Purchase Refunds,income,personal,Shopping Refund related to Refunds & Reimbursements,Personal Income,,false
Full Refund,Shopping Refund,income,personal,Full Refund related to Refunds & Reimbursements,Personal Income,,false
Partial Refund,Shopping Refund,income,personal,Partial Refund related to Refunds & Reimbursements,Personal Income,,false
Food Refund,Purchase Refunds,income,personal,Food Refund related to Refunds & Reimbursements,Personal Income,,false
Order Refund,Food Refund,income,personal,Order Refund related to Refunds & Reimbursements,Personal Income,,false
Travel Refund,Purchase Refunds,income,personal,Travel Refund related to Refunds & Reimbursements,Personal Income,,false
Flight Refund,Travel Refund,income,personal,Flight Refund related to Refunds & Reimbursements,Personal Income,,false
Hotel Refund,Travel Refund,income,personal,Hotel Refund related to Refunds & Reimbursements,Personal Income,,false
Rail Refund,Travel Refund,income,personal,Rail Refund related to Refunds & Reimbursements,Personal Income,,false
Utility Refund,Purchase Refunds,income,personal,Utility Refund related to Refunds & Reimbursements,Personal Income,,false
Bill Adjustment,Utility Refund,income,personal,Bill Adjustment related to Refunds & Reimbursements,Personal Income,,false
Employer Reimbursements,Refunds & Reimbursements,income,personal,Employer Reimbursements related to Refunds & Reimbursements,Personal Income,,false
Travel Reimbursement,Employer Reimbursements,income,personal,Travel Reimbursement related to Refunds & Reimbursements,Personal Income,,false
Flight,Travel Reimbursement,income,personal,Flight related to Refunds & Reimbursements,Personal Income,,false
Hotel,Travel Reimbursement,income,personal,Hotel related to Refunds & Reimbursements,Personal Income,,false
Taxi,Travel Reimbursement,income,personal,Taxi related to Refunds & Reimbursements,Personal Income,,false
Meal Reimbursement,Employer Reimbursements,income,personal,Meal Reimbursement related to Refunds & Reimbursements,Personal Income,,false
Client Meal,Meal Reimbursement,income,personal,Client Meal related to Refunds & Reimbursements,Personal Income,,false
Office Meal,Meal Reimbursement,income,personal,Office Meal related to Refunds & Reimbursements,Personal Income,,false
Phone & Internet Reimbursement,Employer Reimbursements,income,personal,Phone & Internet Reimbursement related to Refunds & Reimbursements,Personal Income,,false
Mobile,Phone & Internet Reimbursement,income,personal,Mobile related to Refunds & Reimbursements,Personal Income,,false
Broadband,Phone & Internet Reimbursement,income,personal,Broadband related to Refunds & Reimbursements,Personal Income,,false
Equipment Reimbursement,Employer Reimbursements,income,personal,Equipment Reimbursement related to Refunds & Reimbursements,Personal Income,,false
Laptop,Equipment Reimbursement,income,personal,Laptop related to Refunds & Reimbursements,Personal Income,,false
Accessories,Equipment Reimbursement,income,personal,Accessories related to Refunds & Reimbursements,Personal Income,,false
Medical Reimbursement,Employer Reimbursements,income,personal,Medical Reimbursement related to Refunds & Reimbursements,Personal Income,,false
Medical Claim,Medical Reimbursement,income,personal,Medical Claim related to Refunds & Reimbursements,Personal Income,,false
Insurance Reimbursements,Refunds & Reimbursements,income,personal,Insurance Reimbursements related to Refunds & Reimbursements,Personal Income,,false
Health Claim,Insurance Reimbursements,income,personal,Health Claim related to Refunds & Reimbursements,Personal Income,,false
Hospital,Health Claim,income,personal,Hospital related to Refunds & Reimbursements,Personal Income,,false
Pharmacy,Health Claim,income,personal,Pharmacy related to Refunds & Reimbursements,Personal Income,,false
Diagnostics,Health Claim,income,personal,Diagnostics related to Refunds & Reimbursements,Personal Income,,false
Vehicle Claim,Insurance Reimbursements,income,personal,Vehicle Claim related to Refunds & Reimbursements,Personal Income,,false
Repair Claim,Vehicle Claim,income,personal,Repair Claim related to Refunds & Reimbursements,Personal Income,,false
Tax Refunds,Refunds & Reimbursements,income,personal,Tax Refunds related to Refunds & Reimbursements,Personal Income,,false
Income Tax Refund,Tax Refunds,income,personal,Income Tax Refund related to Refunds & Reimbursements,Personal Income,,false
IT Refund,Income Tax Refund,income,personal,IT Refund related to Refunds & Reimbursements,Personal Income,,false
GST Refund,Tax Refunds,income,personal,GST Refund related to Refunds & Reimbursements,Personal Income,,false
GST Refund Credit,GST Refund,income,personal,GST Refund related to Refunds & Reimbursements,Personal Income,,false
Chargebacks & Disputes,Refunds & Reimbursements,income,personal,Chargebacks & Disputes related to Refunds & Reimbursements,Personal Income,,false
Card Chargeback,Chargebacks & Disputes,income,personal,Card Chargeback related to Refunds & Reimbursements,Personal Income,,false
Fraud Dispute,Card Chargeback,income,personal,Fraud Dispute related to Refunds & Reimbursements,Personal Income,,false
Merchant Dispute,Card Chargeback,income,personal,Merchant Dispute related to Refunds & Reimbursements,Personal Income,,false
UPI Dispute,Chargebacks & Disputes,income,personal,UPI Dispute related to Refunds & Reimbursements,Personal Income,,false
UPI Reversal,UPI Dispute,income,personal,UPI Reversal related to Refunds & Reimbursements,Personal Income,,false
Office & Work Expenses,Personal Expenses,expense,personal,Employee work-related out-of-pocket expenses,Personal Expenses,,false
Commute for Work,Office & Work Expenses,expense,personal,Commute for Work related to Office & Work Expenses,Personal Expenses,,false
Office Cab,Commute for Work,expense,personal,Office Cab related to Office & Work Expenses,Personal Expenses,,false
Daily Office Cab,Office Cab,expense,personal,Daily Office Cab related to Office & Work Expenses,Personal Expenses,,false
Late Night Cab,Office Cab,expense,personal,Late Night Cab related to Office & Work Expenses,Personal Expenses,,false
Public Transport,Commute for Work,expense,personal,Public Transport related to Office & Work Expenses,Personal Expenses,,false
Parking,Commute for Work,expense,personal,Parking related to Office & Work Expenses,Personal Expenses,,false
Work Meals,Office & Work Expenses,expense,personal,Work Meals related to Office & Work Expenses,Personal Expenses,,false
Office Lunch,Work Meals,expense,personal,Office Lunch related to Office & Work Expenses,Personal Expenses,,false
Canteen,Office Lunch,expense,personal,Canteen related to Office & Work Expenses,Personal Expenses,,false
Ordered Meal,Office Lunch,expense,personal,Ordered Meal related to Office & Work Expenses,Personal Expenses,,false
Client Meal,Work Meals,expense,personal,Client Meal related to Office & Work Expenses,Personal Expenses,,false
Client Lunch,Client Meal,expense,personal,Client Lunch related to Office & Work Expenses,Personal Income,,false
Client Dinner,Client Meal,expense,personal,Client Dinner related to Office & Work Expenses,Personal Income,,false
Team Meal,Work Meals,expense,personal,Team Meal related to Office & Work Expenses,Personal Expenses,,false
Team Lunch,Team Meal,expense,personal,Team Lunch related to Office & Work Expenses,Personal Expenses,,false
Team Dinner,Team Meal,expense,personal,Team Dinner related to Office & Work Expenses,Personal Expenses,,false
Work From Home,Office & Work Expenses,expense,personal,Work From Home related to Office & Work Expenses,Personal Expenses,,false
Internet,Work From Home,expense,personal,Internet related to Office & Work Expenses,Personal Expenses,,false
Broadband Share,Internet,expense,personal,Broadband Share related to Office & Work Expenses,Personal Expenses,,false
Data Recharge,Internet,expense,personal,Data Recharge related to Office & Work Expenses,Personal Expenses,,false
Electricity,Work From Home,expense,personal,Electricity related to Office & Work Expenses,Personal Expenses,,false
WFH Electricity Share,Electricity,expense,personal,WFH Electricity Share related to Office & Work Expenses,Personal Expenses,,false
Furniture,Work From Home,expense,personal,Furniture related to Office & Work Expenses,Personal Expenses,,false
Desk,Furniture,expense,personal,Desk related to Office & Work Expenses,Personal Expenses,,false
Office Chair,Furniture,expense,personal,Office Chair related to Office & Work Expenses,Personal Expenses,,false
Accessories,Work From Home,expense,personal,Accessories related to Office & Work Expenses,Personal Expenses,,false
Keyboard,Accessories,expense,personal,Keyboard related to Office & Work Expenses,Personal Expenses,,false
Mouse,Accessories,expense,personal,Mouse related to Office & Work Expenses,Personal Expenses,,false
Headset,Accessories,expense,personal,Headset related to Office & Work Expenses,Personal Expenses,,false
Webcam,Accessories,expense,personal,Webcam related to Office & Work Expenses,Personal Expenses,,false
Office Supplies,Office & Work Expenses,expense,personal,Office Supplies related to Office & Work Expenses,Personal Expenses,,false
Stationery,Office Supplies,expense,personal,Stationery related to Office & Work Expenses,Personal Expenses,,false
Notebook,Stationery,expense,personal,Notebook related to Office & Work Expenses,Personal Expenses,,false
Pens,Stationery,expense,personal,Pens related to Office & Work Expenses,Personal Expenses,,false
Printing,Office Supplies,expense,personal,Printing related to Office & Work Expenses,Personal Expenses,,false
Print / Copy,Printing,expense,personal,Print / Copy related to Office & Work Expenses,Personal Expenses,,false
Courier,Office Supplies,expense,personal,Courier related to Office & Work Expenses,Personal Expenses,,false
Document Courier,Courier,expense,personal,Document Courier related to Office & Work Expenses,Personal Expenses,,false
Coworking,Office & Work Expenses,expense,personal,Coworking related to Office & Work Expenses,Personal Expenses,,false
Day Pass,Coworking,expense,personal,Day Pass related to Office & Work Expenses,Personal Expenses,,false
Coworking Day Pass,Day Pass,expense,personal,Coworking Day Pass related to Office & Work Expenses,Personal Expenses,,false
Monthly Desk,Coworking,expense,personal,Monthly Desk related to Office & Work Expenses,Personal Expenses,,false
Dedicated Desk,Monthly Desk,expense,personal,Dedicated Desk related to Office & Work Expenses,Personal Expenses,,false
Hot Desk,Monthly Desk,expense,personal,Hot Desk related to Office & Work Expenses,Personal Expenses,,false
Work Travel Out-of-pocket,Office & Work Expenses,expense,personal,Work Travel Out-of-pocket related to Office & Work Expenses,Personal Expenses,,false
Flight,Work Travel Out-of-pocket,expense,personal,Flight related to Office & Work Expenses,Personal Expenses,,false
Domestic,Flight,expense,personal,Domestic related to Office & Work Expenses,Personal Income,,false
International,Flight,expense,personal,International related to Office & Work Expenses,Personal Income,,false
Hotel,Work Travel Out-of-pocket,expense,personal,Hotel related to Office & Work Expenses,Personal Expenses,,false
Business Hotel,Hotel,expense,personal,Business Hotel related to Office & Work Expenses,Personal Income,,false
Local Transport,Work Travel Out-of-pocket,expense,personal,Local Transport related to Office & Work Expenses,Personal Expenses,,false
Taxi,Local Transport,expense,personal,Taxi related to Office & Work Expenses,Personal Expenses,,false
Metro,Local Transport,expense,personal,Metro related to Office & Work Expenses,Personal Expenses,,false
Meals,Work Travel Out-of-pocket,expense,personal,Meals related to Office & Work Expenses,Personal Expenses,,false
Per Diem Meal,Meals,expense,personal,Per Diem Meal related to Office & Work Expenses,Personal Expenses,,false
Professional Development,Personal Expenses,expense,personal,"Career learning, certifications and networking",Personal Expenses,,false
Courses & Training,Professional Development,expense,personal,Courses & Training related to Professional Development,Personal Expenses,,false
Technical Training,Courses & Training,expense,personal,Technical Training related to Professional Development,Personal Expenses,,false
Programming,Technical Training,expense,personal,Programming related to Professional Development,Personal Expenses,,false
Cloud,Technical Training,expense,personal,Cloud related to Professional Development,Personal Expenses,,false
Data / AI,Technical Training,expense,personal,Data / AI related to Professional Development,Personal Expenses,,false
Management Training,Courses & Training,expense,personal,Management Training related to Professional Development,Personal Expenses,,false
Leadership,Management Training,expense,personal,Leadership related to Professional Development,Personal Expenses,,false
Project Management,Management Training,expense,personal,Project Management related to Professional Development,Personal Expenses,,false
Finance Training,Courses & Training,expense,personal,Finance Training related to Professional Development,Personal Expenses,,false
Accounting,Finance Training,expense,personal,Accounting related to Professional Development,Personal Expenses,,false
Investing,Finance Training,expense,personal,Investing related to Professional Development,Personal Expenses,,false
Sales & Marketing Training,Courses & Training,expense,personal,Sales & Marketing Training related to Professional Development,Personal Expenses,,false
Sales,Sales & Marketing Training,expense,personal,Sales related to Professional Development,Personal Expenses,,false
Digital Marketing,Sales & Marketing Training,expense,personal,Digital Marketing related to Professional Development,Personal Expenses,,false
Certifications,Professional Development,expense,personal,Certifications related to Professional Development,Personal Expenses,,false
Technology Certification,Certifications,expense,personal,Technology Certification related to Professional Development,Personal Expenses,,false
Cloud Certification,Technology Certification,expense,personal,Cloud Certification related to Professional Development,Personal Expenses,,false
Security Certification,Technology Certification,expense,personal,Security Certification related to Professional Development,Personal Expenses,,false
Data Certification,Technology Certification,expense,personal,Data Certification related to Professional Development,Personal Expenses,,false
Finance Certification,Certifications,expense,personal,Finance Certification related to Professional Development,Personal Expenses,,false
Accounting Certification,Finance Certification,expense,personal,Accounting Certification related to Professional Development,Personal Expenses,,false
Investment Certification,Finance Certification,expense,personal,Investment Certification related to Professional Development,Personal Expenses,,false
Project Management,Certifications,expense,personal,Project Management related to Professional Development,Personal Expenses,,false
PMP / Agile,Project Management,expense,personal,PMP / Agile related to Professional Development,Personal Expenses,,false
Language Tests,Certifications,expense,personal,Language Tests related to Professional Development,Personal Expenses,,false
IELTS / TOEFL,Language Tests,expense,personal,IELTS / TOEFL related to Professional Development,Personal Expenses,,false
Other Language Test,Language Tests,expense,personal,Other Language Test related to Professional Development,Personal Expenses,,false
Career Services,Professional Development,expense,personal,Career Services related to Professional Development,Personal Expenses,,false
Resume & Profile,Career Services,expense,personal,Resume & Profile related to Professional Development,Personal Expenses,,false
Resume Service,Resume & Profile,expense,personal,Resume Service related to Professional Development,Personal Expenses,,false
LinkedIn Service,Resume & Profile,expense,personal,LinkedIn Service related to Professional Development,Personal Expenses,,false
Interview Prep,Career Services,expense,personal,Interview Prep related to Professional Development,Personal Expenses,,false
Mock Interview,Interview Prep,expense,personal,Mock Interview related to Professional Development,Personal Expenses,,false
Coaching,Interview Prep,expense,personal,Coaching related to Professional Development,Personal Expenses,,false
Job Portals,Career Services,expense,personal,Job Portals related to Professional Development,Personal Expenses,,false
Premium Job Portal,Job Portals,expense,personal,Premium Job Portal related to Professional Development,Personal Expenses,,false
Networking,Professional Development,expense,personal,Networking related to Professional Development,Personal Expenses,,false
Conferences,Networking,expense,personal,Conferences related to Professional Development,Personal Expenses,,false
Conference Ticket,Conferences,expense,personal,Conference Ticket related to Professional Development,Personal Expenses,,false
Meetups,Networking,expense,personal,Meetups related to Professional Development,Personal Expenses,,false
Paid Meetup,Meetups,expense,personal,Paid Meetup related to Professional Development,Personal Expenses,,false
Professional Associations,Networking,expense,personal,Professional Associations related to Professional Development,Personal Expenses,,false
Membership Fee,Professional Associations,expense,personal,Membership Fee related to Professional Development,Personal Expenses,,false
Business Revenue,Business Income,income,business,Business operating and non-operating income,Business Income,,false
Sales Revenue,Business Revenue,income,business,Sales Revenue related to Business Income,Business Income,,false
Product Sales,Sales Revenue,income,business,Product Sales related to Business Income,Business Income,,false
Retail Sales,Product Sales,income,business,Retail Sales related to Business Income,Business Income,,false
Wholesale Sales,Product Sales,income,business,Wholesale Sales related to Business Income,Business Income,,false
E-commerce Sales,Product Sales,income,business,E-commerce Sales related to Business Income,Business Income,,false
Service Sales,Sales Revenue,income,business,Service Sales related to Business Income,Business Income,,false
Consulting Revenue,Service Sales,income,business,Consulting Revenue related to Business Income,Business Income,,false
Professional Service Revenue,Service Sales,income,business,Professional Service Revenue related to Business Income,Business Income,,false
Maintenance Revenue,Service Sales,income,business,Maintenance Revenue related to Business Income,Business Income,,false
Subscription Revenue,Sales Revenue,income,business,Subscription Revenue related to Business Income,Business Income,,false
Monthly Subscription,Subscription Revenue,income,business,Monthly Subscription related to Business Income,Business Income,,false
Annual Subscription,Subscription Revenue,income,business,Annual Subscription related to Business Income,Business Income,,false
Other Operating Income,Business Revenue,income,business,Other Operating Income related to Business Income,Business Income,,false
Delivery Charges,Other Operating Income,income,business,Delivery Charges related to Business Income,Business Income,,false
Delivery Income,Delivery Charges,income,business,Delivery Income related to Business Income,Business Income,,false
Installation Charges,Other Operating Income,income,business,Installation Charges related to Business Income,Business Income,,false
Installation Income,Installation Charges,income,business,Installation Income related to Business Income,Business Income,,false
Commission Income,Other Operating Income,income,business,Commission Income related to Business Income,Business Income,,false
Sales Commission,Commission Income,income,business,Sales Commission related to Business Income,Business Income,,false
Referral Commission,Commission Income,income,business,Referral Commission related to Business Income,Business Income,,false
Non-operating Income,Business Revenue,income,business,Non-operating Income related to Business Income,Business Income,,false
Interest Income,Non-operating Income,income,business,Interest Income related to Business Income,Business Income,,false
Bank Interest,Interest Income,income,business,Bank Interest related to Business Income,Personal Income,,false
FD Interest,Interest Income,income,business,FD Interest related to Business Income,Personal Income,,false
Rental Income,Non-operating Income,income,business,Rental Income related to Business Income,Business Income,,false
Office Sublease,Rental Income,income,business,Office Sublease related to Business Income,Business Income,,false
Equipment Rent,Rental Income,income,business,Equipment Rent related to Business Income,Business Income,,false
Asset Sale,Non-operating Income,income,business,Asset Sale related to Business Income,Business Income,,false
Equipment Sale,Asset Sale,income,business,Equipment Sale related to Business Income,Business Income,,false
Vehicle Sale,Asset Sale,income,business,Vehicle Sale related to Business Income,Business Income,,false
Business Purchases & Inventory,Business Expenses,expense,business,"Inventory, raw materials and business purchases",Business Expenses,,false
Inventory Purchases,Business Purchases & Inventory,expense,business,Inventory Purchases related to Business Purchases & Inventory,Business Expenses,,false
Raw Materials,Inventory Purchases,expense,business,Raw Materials related to Business Purchases & Inventory,Business Expenses,,false
Primary Raw Material,Raw Materials,expense,business,Primary Raw Material related to Business Purchases & Inventory,Business Expenses,,false
Secondary Raw Material,Raw Materials,expense,business,Secondary Raw Material related to Business Purchases & Inventory,Business Expenses,,false
Finished Goods,Inventory Purchases,expense,business,Finished Goods related to Business Purchases & Inventory,Business Expenses,,false
Resale Inventory,Finished Goods,expense,business,Resale Inventory related to Business Purchases & Inventory,Business Expenses,,false
Components,Inventory Purchases,expense,business,Components related to Business Purchases & Inventory,Business Expenses,,false
Parts,Components,expense,business,Parts related to Business Purchases & Inventory,Business Expenses,,false
Electronic Components,Components,expense,business,Electronic Components related to Business Purchases & Inventory,Business Expenses,,false
Consumables,Inventory Purchases,expense,business,Consumables related to Business Purchases & Inventory,Business Expenses,,false
Packaging Consumables,Consumables,expense,business,Packaging Consumables related to Business Purchases & Inventory,Business Expenses,,false
Production Consumables,Consumables,expense,business,Production Consumables related to Business Purchases & Inventory,Business Expenses,,false
Packaging,Business Purchases & Inventory,expense,business,Packaging related to Business Purchases & Inventory,Business Expenses,,false
Primary Packaging,Packaging,expense,business,Primary Packaging related to Business Purchases & Inventory,Business Expenses,,false
Boxes,Primary Packaging,expense,business,Boxes related to Business Purchases & Inventory,Business Expenses,,false
Bottles,Primary Packaging,expense,business,Bottles related to Business Purchases & Inventory,Business Expenses,,false
Pouches,Primary Packaging,expense,business,Pouches related to Business Purchases & Inventory,Business Expenses,,false
Secondary Packaging,Packaging,expense,business,Secondary Packaging related to Business Purchases & Inventory,Business Expenses,,false
Cartons,Secondary Packaging,expense,business,Cartons related to Business Purchases & Inventory,Business Expenses,,false
Bubble Wrap,Secondary Packaging,expense,business,Bubble Wrap related to Business Purchases & Inventory,Business Expenses,,false
Labels,Packaging,expense,business,Labels related to Business Purchases & Inventory,Business Expenses,,false
Product Labels,Labels,expense,business,Product Labels related to Business Purchases & Inventory,Business Expenses,,false
Shipping Labels,Labels,expense,business,Shipping Labels related to Business Purchases & Inventory,Business Expenses,,false
Import Purchases,Business Purchases & Inventory,expense,business,Import Purchases related to Business Purchases & Inventory,Business Expenses,,false
Imported Goods,Import Purchases,expense,business,Imported Goods related to Business Purchases & Inventory,Business Expenses,,false
Product Import,Imported Goods,expense,business,Product Import related to Business Purchases & Inventory,Business Expenses,,false
Raw Material Import,Imported Goods,expense,business,Raw Material Import related to Business Purchases & Inventory,Business Expenses,,false
Import Charges,Import Purchases,expense,business,Import Charges related to Business Purchases & Inventory,Business Expenses,,false
Customs Duty,Import Charges,expense,business,Customs Duty related to Business Purchases & Inventory,Business Expenses,,false
Clearing Charges,Import Charges,expense,business,Clearing Charges related to Business Purchases & Inventory,Business Expenses,,false
Freight,Import Charges,expense,business,Freight related to Business Purchases & Inventory,Business Expenses,,false
Purchase Returns,Business Purchases & Inventory,expense,business,Purchase Returns related to Business Purchases & Inventory,Business Expenses,,false
Vendor Return,Purchase Returns,expense,business,Vendor Return related to Business Purchases & Inventory,Business Expenses,,false
Inventory Return,Vendor Return,expense,business,Inventory Return related to Business Purchases & Inventory,Business Expenses,,false
Damaged Goods Return,Vendor Return,expense,business,Damaged Goods Return related to Business Purchases & Inventory,Business Expenses,,false
Business Operations,Business Expenses,expense,business,Day-to-day business operating expenses,Business Expenses,,false
Office Supplies,Business Operations,expense,business,Office Supplies related to Business Operations,Business Expenses,,false
Stationery,Office Supplies,expense,business,Stationery related to Business Operations,Personal Expenses,,false
Paper,Stationery,expense,business,Paper related to Business Operations,Personal Expenses,,false
Pens,Stationery,expense,business,Pens related to Business Operations,Personal Expenses,,false
Files,Stationery,expense,business,Files related to Business Operations,Personal Expenses,,false
Printing,Office Supplies,expense,business,Printing related to Business Operations,Personal Expenses,,false
Business Cards,Printing,expense,business,Business Cards related to Business Operations,Personal Expenses,,false
Brochures,Printing,expense,business,Brochures related to Business Operations,Personal Expenses,,false
Office Printing,Printing,expense,business,Office Printing related to Business Operations,Personal Expenses,,false
Utilities,Business Operations,expense,business,Utilities related to Business Operations,Business Expenses,,false
Electricity,Utilities,expense,business,Electricity related to Business Operations,Business Expenses,,false
Office Electricity,Electricity,expense,business,Office Electricity related to Business Operations,Personal Expenses,,false
Factory Electricity,Electricity,expense,business,Factory Electricity related to Business Operations,Personal Expenses,,false
Internet,Utilities,expense,business,Internet related to Business Operations,Business Expenses,,false
Office Broadband,Internet,expense,business,Office Broadband related to Business Operations,Personal Expenses,,false
Backup Internet,Internet,expense,business,Backup Internet related to Business Operations,Personal Expenses,,false
Mobile,Utilities,expense,business,Mobile related to Business Operations,Business Expenses,,false
Business Mobile Plans,Mobile,expense,business,Business Mobile Plans related to Business Operations,Personal Income,,false
Water,Utilities,expense,business,Water related to Business Operations,Business Expenses,,false
Office Water,Water,expense,business,Office Water related to Business Operations,Personal Expenses,,false
Business Maintenance,Business Operations,expense,business,Business Maintenance related to Business Operations,Business Expenses,,false
Equipment Maintenance,Business Maintenance,expense,business,Equipment Maintenance related to Business Operations,Business Expenses,,false
Machine Service,Equipment Maintenance,expense,business,Machine Service related to Business Operations,Business Expenses,,false
Computer Service,Equipment Maintenance,expense,business,Computer Service related to Business Operations,Business Expenses,,false
Office Maintenance,Business Maintenance,expense,business,Office Maintenance related to Business Operations,Business Expenses,,false
Repairs,Office Maintenance,expense,business,Repairs related to Business Operations,Business Expenses,,false
Cleaning,Office Maintenance,expense,business,Cleaning related to Business Operations,Business Expenses,,false
AMC,Business Maintenance,expense,business,AMC related to Business Operations,Business Expenses,,false
Equipment AMC,AMC,expense,business,Equipment AMC related to Business Operations,Personal Expenses,,false
Software AMC,AMC,expense,business,Software AMC related to Business Operations,Personal Expenses,,false
Operating Consumables,Business Operations,expense,business,Operating Consumables related to Business Operations,Business Expenses,,false
Pantry,Operating Consumables,expense,business,Pantry related to Business Operations,Business Expenses,,false
Tea / Coffee,Pantry,expense,business,Tea / Coffee related to Business Operations,Business Expenses,,false
Snacks,Pantry,expense,business,Snacks related to Business Operations,Business Expenses,,false
Drinking Water,Pantry,expense,business,Drinking Water related to Business Operations,Business Expenses,,false
Cleaning,Operating Consumables,expense,business,Cleaning related to Business Operations,Business Expenses,,false
Cleaning Supplies,Cleaning,expense,business,Cleaning Supplies related to Business Operations,Personal Expenses,,false
Sanitation Supplies,Cleaning,expense,business,Sanitation Supplies related to Business Operations,Personal Expenses,,false
Safety,Operating Consumables,expense,business,Safety related to Business Operations,Business Expenses,,false
PPE,Safety,expense,business,PPE related to Business Operations,Business Expenses,,false
Fire Safety Supplies,Safety,expense,business,Fire Safety Supplies related to Business Operations,Business Expenses,,false
Licenses & Permits,Business Operations,expense,business,Licenses & Permits related to Business Operations,Business Expenses,,false
Trade License,Licenses & Permits,expense,business,Trade License related to Business Operations,Business Expenses,,false
Municipal Trade License,Trade License,expense,business,Municipal Trade License related to Business Operations,Business Expenses,,false
FSSAI,Licenses & Permits,expense,business,FSSAI related to Business Operations,Business Expenses,,false
Registration / Renewal,FSSAI,expense,business,Registration / Renewal related to Business Operations,Business Expenses,,false
Shops & Establishment,Licenses & Permits,expense,business,Shops & Establishment related to Business Operations,Business Expenses,,false
Registration / Renewal,Shops & Establishment,expense,business,Registration / Renewal related to Business Operations,Business Expenses,,false
Other License,Licenses & Permits,expense,business,Other License related to Business Operations,Business Expenses,,false
Industry License,Other License,expense,business,Industry License related to Business Operations,Business Expenses,,false
Business Payroll & HR,Business Expenses,expense,business,"Business payroll, statutory HR and employee costs",Business Expenses,,false
Payroll,Business Payroll & HR,expense,business,Payroll related to Business Payroll & HR,Business Expenses,,false
Employee Salary,Payroll,expense,business,Employee Salary related to Business Payroll & HR,Business Expenses,,false
Regular Salary,Employee Salary,expense,business,Regular Salary related to Business Payroll & HR,Business Expenses,,false
Arrears,Employee Salary,expense,business,Arrears related to Business Payroll & HR,Business Expenses,,false
Bonus & Incentives,Payroll,expense,business,Bonus & Incentives related to Business Payroll & HR,Business Expenses,,false
Performance Bonus,Bonus & Incentives,expense,business,Performance Bonus related to Business Payroll & HR,Business Expenses,,false
Sales Incentive,Bonus & Incentives,expense,business,Sales Incentive related to Business Payroll & HR,Business Expenses,,false
Overtime,Payroll,expense,business,Overtime related to Business Payroll & HR,Business Expenses,,false
Overtime Pay,Overtime,expense,business,Overtime Pay related to Business Payroll & HR,Personal Expenses,,false
Contractor Payments,Payroll,expense,business,Contractor Payments related to Business Payroll & HR,Business Expenses,,false
Contract Staff,Contractor Payments,expense,business,Contract Staff related to Business Payroll & HR,Business Expenses,,false
Freelancer Payment,Contractor Payments,expense,business,Freelancer Payment related to Business Payroll & HR,Business Expenses,,false
Employee Benefits,Business Payroll & HR,expense,business,Employee Benefits related to Business Payroll & HR,Business Expenses,,false
Health Insurance,Employee Benefits,expense,business,Health Insurance related to Business Payroll & HR,Business Expenses,,false
Group Health Premium,Health Insurance,expense,business,Group Health Premium related to Business Payroll & HR,Personal Expenses,,false
PF & Retirement,Employee Benefits,expense,business,PF & Retirement related to Business Payroll & HR,Business Expenses,,false
Employer PF Contribution,PF & Retirement,expense,business,Employer PF Contribution related to Business Payroll & HR,Business Expenses,,false
Gratuity,Employee Benefits,expense,business,Gratuity related to Business Payroll & HR,Business Expenses,,false
Gratuity Provision / Payment,Gratuity,expense,business,Gratuity Provision / Payment related to Business Payroll & HR,Business Expenses,,false
Meal Benefits,Employee Benefits,expense,business,Meal Benefits related to Business Payroll & HR,Business Expenses,,false
Meal Card,Meal Benefits,expense,business,Meal Card related to Business Payroll & HR,Business Expenses,,false
Canteen Subsidy,Meal Benefits,expense,business,Canteen Subsidy related to Business Payroll & HR,Business Expenses,,false
Payroll Statutory,Business Payroll & HR,expense,business,Payroll Statutory related to Business Payroll & HR,Business Expenses,,false
EPF,Payroll Statutory,expense,business,EPF related to Business Payroll & HR,Business Expenses,,false
Employer PF,EPF,expense,business,Employer PF related to Business Payroll & HR,Investments,,false
Employee PF Remittance,EPF,expense,business,Employee PF Remittance related to Business Payroll & HR,Investments,,false
ESI,Payroll Statutory,expense,business,ESI related to Business Payroll & HR,Business Expenses,,false
Employer ESI,ESI,expense,business,Employer ESI related to Business Payroll & HR,Business Expenses,,false
Employee ESI Remittance,ESI,expense,business,Employee ESI Remittance related to Business Payroll & HR,Business Expenses,,false
Professional Tax,Payroll Statutory,expense,business,Professional Tax related to Business Payroll & HR,Business Expenses,,false
PT Remittance,Professional Tax,expense,business,PT Remittance related to Business Payroll & HR,Personal Expenses,,false
TDS Salary,Payroll Statutory,expense,business,TDS Salary related to Business Payroll & HR,Business Expenses,,false
Salary TDS Remittance,TDS Salary,expense,business,Salary TDS Remittance related to Business Payroll & HR,Business Expenses,,false
Recruitment,Business Payroll & HR,expense,business,Recruitment related to Business Payroll & HR,Business Expenses,,false
Job Portals,Recruitment,expense,business,Job Portals related to Business Payroll & HR,Business Expenses,,false
Job Posting,Job Portals,expense,business,Job Posting related to Business Payroll & HR,Personal Expenses,,false
Recruiter Subscription,Job Portals,expense,business,Recruiter Subscription related to Business Payroll & HR,Personal Expenses,,false
Recruitment Agency,Recruitment,expense,business,Recruitment Agency related to Business Payroll & HR,Business Expenses,,false
Placement Fee,Recruitment Agency,expense,business,Placement Fee related to Business Payroll & HR,Business Expenses,,false
Background Verification,Recruitment,expense,business,Background Verification related to Business Payroll & HR,Business Expenses,,false
BGV Fee,Background Verification,expense,business,BGV Fee related to Business Payroll & HR,Business Expenses,,false
Interview Expense,Recruitment,expense,business,Interview Expense related to Business Payroll & HR,Business Expenses,,false
Candidate Travel,Interview Expense,expense,business,Candidate Travel related to Business Payroll & HR,Business Expenses,,false
Interview Meal,Interview Expense,expense,business,Interview Meal related to Business Payroll & HR,Business Expenses,,false
Employee Engagement,Business Payroll & HR,expense,business,Employee Engagement related to Business Payroll & HR,Business Expenses,,false
Team Events,Employee Engagement,expense,business,Team Events related to Business Payroll & HR,Business Expenses,,false
Team Outing,Team Events,expense,business,Team Outing related to Business Payroll & HR,Business Expenses,,false
Annual Party,Team Events,expense,business,Annual Party related to Business Payroll & HR,Business Expenses,,false
Employee Gifts,Employee Engagement,expense,business,Employee Gifts related to Business Payroll & HR,Business Expenses,,false
Festival Gift,Employee Gifts,expense,business,Festival Gift related to Business Payroll & HR,Business Expenses,,false
Welcome Kit,Employee Gifts,expense,business,Welcome Kit related to Business Payroll & HR,Business Expenses,,false
Training,Employee Engagement,expense,business,Training related to Business Payroll & HR,Business Expenses,,false
Employee Training,Training,expense,business,Employee Training related to Business Payroll & HR,Personal Expenses,,false
Workshop,Training,expense,business,Workshop related to Business Payroll & HR,Personal Expenses,,false
Business Marketing & Sales,Business Expenses,expense,business,"Marketing, advertising and sales acquisition costs",Business Expenses,,false
Digital Advertising,Business Marketing & Sales,expense,business,Digital Advertising related to Business Marketing & Sales,Business Expenses,,false
Search Ads,Digital Advertising,expense,business,Search Ads related to Business Marketing & Sales,Business Expenses,,false
Google Ads,Search Ads,expense,business,Google Ads related to Business Marketing & Sales,Business Expenses,,false
Other Search Ads,Search Ads,expense,business,Other Search Ads related to Business Marketing & Sales,Business Expenses,,false
Social Ads,Digital Advertising,expense,business,Social Ads related to Business Marketing & Sales,Business Expenses,,false
Meta Ads,Social Ads,expense,business,Meta Ads related to Business Marketing & Sales,Business Expenses,,false
LinkedIn Ads,Social Ads,expense,business,LinkedIn Ads related to Business Marketing & Sales,Business Expenses,,false
YouTube Ads,Social Ads,expense,business,YouTube Ads related to Business Marketing & Sales,Business Expenses,,false
Marketplace Ads,Digital Advertising,expense,business,Marketplace Ads related to Business Marketing & Sales,Business Expenses,,false
Amazon Ads,Marketplace Ads,expense,business,Amazon Ads related to Business Marketing & Sales,Business Expenses,,false
Flipkart Ads,Marketplace Ads,expense,business,Flipkart Ads related to Business Marketing & Sales,Business Expenses,,false
Display Ads,Digital Advertising,expense,business,Display Ads related to Business Marketing & Sales,Business Expenses,,false
Programmatic / Display,Display Ads,expense,business,Programmatic / Display related to Business Marketing & Sales,Business Expenses,,false
Offline Advertising,Business Marketing & Sales,expense,business,Offline Advertising related to Business Marketing & Sales,Business Expenses,,false
Print Ads,Offline Advertising,expense,business,Print Ads related to Business Marketing & Sales,Business Expenses,,false
Newspaper,Print Ads,expense,business,Newspaper related to Business Marketing & Sales,Business Expenses,,false
Magazine,Print Ads,expense,business,Magazine related to Business Marketing & Sales,Business Expenses,,false
Outdoor,Offline Advertising,expense,business,Outdoor related to Business Marketing & Sales,Business Expenses,,false
Hoardings,Outdoor,expense,business,Hoardings related to Business Marketing & Sales,Business Expenses,,false
Transit Ads,Outdoor,expense,business,Transit Ads related to Business Marketing & Sales,Business Expenses,,false
Radio / TV,Offline Advertising,expense,business,Radio / TV related to Business Marketing & Sales,Business Expenses,,false
Radio Ad,Radio / TV,expense,business,Radio Ad related to Business Marketing & Sales,Business Expenses,,false
TV Ad,Radio / TV,expense,business,TV Ad related to Business Marketing & Sales,Business Expenses,,false
Content & Creative,Business Marketing & Sales,expense,business,Content & Creative related to Business Marketing & Sales,Business Expenses,,false
Design,Content & Creative,expense,business,Design related to Business Marketing & Sales,Business Expenses,,false
Graphic Design,Design,expense,business,Graphic Design related to Business Marketing & Sales,Business Expenses,,false
Brand Design,Design,expense,business,Brand Design related to Business Marketing & Sales,Business Expenses,,false
Video,Content & Creative,expense,business,Video related to Business Marketing & Sales,Business Expenses,,false
Video Production,Video,expense,business,Video Production related to Business Marketing & Sales,Business Expenses,,false
Editing,Video,expense,business,Editing related to Business Marketing & Sales,Business Expenses,,false
Copywriting,Content & Creative,expense,business,Copywriting related to Business Marketing & Sales,Business Expenses,,false
Website Copy,Copywriting,expense,business,Website Copy related to Business Marketing & Sales,Business Expenses,,false
Ad Copy,Copywriting,expense,business,Ad Copy related to Business Marketing & Sales,Business Expenses,,false
Photography,Content & Creative,expense,business,Photography related to Business Marketing & Sales,Business Expenses,,false
Product Photography,Photography,expense,business,Product Photography related to Business Marketing & Sales,Personal Expenses,,false
Corporate Photography,Photography,expense,business,Corporate Photography related to Business Marketing & Sales,Personal Expenses,,false
Sales Expenses,Business Marketing & Sales,expense,business,Sales Expenses related to Business Marketing & Sales,Business Expenses,,false
Sales Commission,Sales Expenses,expense,business,Sales Commission related to Business Marketing & Sales,Business Expenses,,false
Employee Commission,Sales Commission,expense,business,Employee Commission related to Business Marketing & Sales,Personal Income,,false
Channel Commission,Sales Commission,expense,business,Channel Commission related to Business Marketing & Sales,Personal Income,,false
Lead Generation,Sales Expenses,expense,business,Lead Generation related to Business Marketing & Sales,Business Expenses,,false
Lead Database,Lead Generation,expense,business,Lead Database related to Business Marketing & Sales,Business Expenses,,false
Lead Gen Service,Lead Generation,expense,business,Lead Gen Service related to Business Marketing & Sales,Business Expenses,,false
CRM,Sales Expenses,expense,business,CRM related to Business Marketing & Sales,Business Expenses,,false
CRM Subscription,CRM,expense,business,CRM Subscription related to Business Marketing & Sales,Business Expenses,,false
Events & Exhibitions,Business Marketing & Sales,expense,business,Events & Exhibitions related to Business Marketing & Sales,Business Expenses,,false
Trade Show,Events & Exhibitions,expense,business,Trade Show related to Business Marketing & Sales,Business Expenses,,false
Booth Fee,Trade Show,expense,business,Booth Fee related to Business Marketing & Sales,Business Expenses,,false
Travel,Trade Show,expense,business,Travel related to Business Marketing & Sales,Business Expenses,,false
Collateral,Trade Show,expense,business,Collateral related to Business Marketing & Sales,Business Expenses,,false
Seminar / Webinar,Events & Exhibitions,expense,business,Seminar / Webinar related to Business Marketing & Sales,Business Expenses,,false
Platform Fee,Seminar / Webinar,expense,business,Platform Fee related to Business Marketing & Sales,Business Expenses,,false
Speaker Fee,Seminar / Webinar,expense,business,Speaker Fee related to Business Marketing & Sales,Business Expenses,,false
Promotions,Business Marketing & Sales,expense,business,Promotions related to Business Marketing & Sales,Business Expenses,,false
Discounts & Coupons,Promotions,expense,business,Discounts & Coupons related to Business Marketing & Sales,Business Expenses,,false
Coupon Cost,Discounts & Coupons,expense,business,Coupon Cost related to Business Marketing & Sales,Business Expenses,,false
Samples,Promotions,expense,business,Samples related to Business Marketing & Sales,Business Expenses,,false
Free Samples,Samples,expense,business,Free Samples related to Business Marketing & Sales,Business Expenses,,false
Promotional Merchandise,Promotions,expense,business,Promotional Merchandise related to Business Marketing & Sales,Business Expenses,,false
T-shirts,Promotional Merchandise,expense,business,T-shirts related to Business Marketing & Sales,Business Expenses,,false
Mugs,Promotional Merchandise,expense,business,Mugs related to Business Marketing & Sales,Business Expenses,,false
Other Merchandise,Promotional Merchandise,expense,business,Other Merchandise related to Business Marketing & Sales,Business Expenses,,false
Business Technology & SaaS,Business Expenses,expense,business,"Business technology, cloud, SaaS and IT",Business Expenses,,false
Cloud Infrastructure,Business Technology & SaaS,expense,business,Cloud Infrastructure related to Business Technology & SaaS,Business Expenses,,false
Compute,Cloud Infrastructure,expense,business,Compute related to Business Technology & SaaS,Business Expenses,,false
Servers / VM,Compute,expense,business,Servers / VM related to Business Technology & SaaS,Business Expenses,,false
Containers,Compute,expense,business,Containers related to Business Technology & SaaS,Business Expenses,,false
Storage,Cloud Infrastructure,expense,business,Storage related to Business Technology & SaaS,Business Expenses,,false
Object Storage,Storage,expense,business,Object Storage related to Business Technology & SaaS,Personal Expenses,,false
Database Storage,Storage,expense,business,Database Storage related to Business Technology & SaaS,Personal Expenses,,false
Database,Cloud Infrastructure,expense,business,Database related to Business Technology & SaaS,Business Expenses,,false
Managed Database,Database,expense,business,Managed Database related to Business Technology & SaaS,Business Expenses,,false
Network,Cloud Infrastructure,expense,business,Network related to Business Technology & SaaS,Business Expenses,,false
CDN,Network,expense,business,CDN related to Business Technology & SaaS,Business Expenses,,false
Bandwidth,Network,expense,business,Bandwidth related to Business Technology & SaaS,Business Expenses,,false
Software Subscriptions,Business Technology & SaaS,expense,business,Software Subscriptions related to Business Technology & SaaS,Business Expenses,,false
Productivity,Software Subscriptions,expense,business,Productivity related to Business Technology & SaaS,Personal Expenses,,false
Office Suite,Productivity,expense,business,Office Suite related to Business Technology & SaaS,Personal Expenses,,false
Email Suite,Productivity,expense,business,Email Suite related to Business Technology & SaaS,Personal Expenses,,false
Collaboration,Software Subscriptions,expense,business,Collaboration related to Business Technology & SaaS,Personal Expenses,,false
Chat,Collaboration,expense,business,Chat related to Business Technology & SaaS,Personal Expenses,,false
Video Conferencing,Collaboration,expense,business,Video Conferencing related to Business Technology & SaaS,Personal Expenses,,false
Project Management,Software Subscriptions,expense,business,Project Management related to Business Technology & SaaS,Personal Expenses,,false
Task Management,Project Management,expense,business,Task Management related to Business Technology & SaaS,Personal Expenses,,false
Issue Tracking,Project Management,expense,business,Issue Tracking related to Business Technology & SaaS,Personal Expenses,,false
Design,Software Subscriptions,expense,business,Design related to Business Technology & SaaS,Personal Expenses,,false
Design Software,Design,expense,business,Design Software related to Business Technology & SaaS,Business Expenses,,false
Finance,Software Subscriptions,expense,business,Finance related to Business Technology & SaaS,Personal Expenses,,false
Accounting Software,Finance,expense,business,Accounting Software related to Business Technology & SaaS,Personal Expenses,,false
Expense Software,Finance,expense,business,Expense Software related to Business Technology & SaaS,Personal Expenses,,false
Developer Tools,Business Technology & SaaS,expense,business,Developer Tools related to Business Technology & SaaS,Business Expenses,,false
Code Hosting,Developer Tools,expense,business,Code Hosting related to Business Technology & SaaS,Business Expenses,,false
Git Hosting,Code Hosting,expense,business,Git Hosting related to Business Technology & SaaS,Business Expenses,,false
CI/CD,Developer Tools,expense,business,CI/CD related to Business Technology & SaaS,Business Expenses,,false
Build / Deployment,CI/CD,expense,business,Build / Deployment related to Business Technology & SaaS,Business Expenses,,false
Monitoring,Developer Tools,expense,business,Monitoring related to Business Technology & SaaS,Business Expenses,,false
APM,Monitoring,expense,business,APM related to Business Technology & SaaS,Business Expenses,,false
Logging,Monitoring,expense,business,Logging related to Business Technology & SaaS,Business Expenses,,false
Security,Developer Tools,expense,business,Security related to Business Technology & SaaS,Business Expenses,,false
Security Scanner,Security,expense,business,Security Scanner related to Business Technology & SaaS,Personal Expenses,,false
Password Manager,Security,expense,business,Password Manager related to Business Technology & SaaS,Personal Expenses,,false
Hardware & IT,Business Technology & SaaS,expense,business,Hardware & IT related to Business Technology & SaaS,Business Expenses,,false
Computers,Hardware & IT,expense,business,Computers related to Business Technology & SaaS,Business Expenses,,false
Laptop,Computers,expense,business,Laptop related to Business Technology & SaaS,Personal Expenses,,false
Desktop,Computers,expense,business,Desktop related to Business Technology & SaaS,Personal Expenses,,false
Networking,Hardware & IT,expense,business,Networking related to Business Technology & SaaS,Business Expenses,,false
Router,Networking,expense,business,Router related to Business Technology & SaaS,Personal Expenses,,false
Switch,Networking,expense,business,Switch related to Business Technology & SaaS,Personal Expenses,,false
Firewall,Networking,expense,business,Firewall related to Business Technology & SaaS,Personal Expenses,,false
Peripherals,Hardware & IT,expense,business,Peripherals related to Business Technology & SaaS,Business Expenses,,false
Monitor,Peripherals,expense,business,Monitor related to Business Technology & SaaS,Business Expenses,,false
Keyboard,Peripherals,expense,business,Keyboard related to Business Technology & SaaS,Business Expenses,,false
UPS,Peripherals,expense,business,UPS related to Business Technology & SaaS,Business Expenses,,false
Repair,Hardware & IT,expense,business,Repair related to Business Technology & SaaS,Business Expenses,,false
IT Repair,Repair,expense,business,IT Repair related to Business Technology & SaaS,Personal Expenses,,false
Hardware Replacement,Repair,expense,business,Hardware Replacement related to Business Technology & SaaS,Personal Expenses,,false
Domains & Hosting,Business Technology & SaaS,expense,business,Domains & Hosting related to Business Technology & SaaS,Business Expenses,,false
Domain,Domains & Hosting,expense,business,Domain related to Business Technology & SaaS,Business Expenses,,false
Domain Registration,Domain,expense,business,Domain Registration related to Business Technology & SaaS,Business Expenses,,false
Domain Renewal,Domain,expense,business,Domain Renewal related to Business Technology & SaaS,Business Expenses,,false
Web Hosting,Domains & Hosting,expense,business,Web Hosting related to Business Technology & SaaS,Business Expenses,,false
Shared Hosting,Web Hosting,expense,business,Shared Hosting related to Business Technology & SaaS,Business Expenses,,false
VPS,Web Hosting,expense,business,VPS related to Business Technology & SaaS,Business Expenses,,false
Managed Hosting,Web Hosting,expense,business,Managed Hosting related to Business Technology & SaaS,Business Expenses,,false
SSL,Domains & Hosting,expense,business,SSL related to Business Technology & SaaS,Business Expenses,,false
SSL Certificate,SSL,expense,business,SSL Certificate related to Business Technology & SaaS,Business Expenses,,false
Business Travel & Client Entertainment,Business Expenses,expense,business,"Business travel, meals and client entertainment",Business Expenses,,false
Business Flights,Business Travel & Client Entertainment,expense,business,Business Flights related to Business Travel & Client Entertainment,Business Expenses,,false
Domestic,Business Flights,expense,business,Domestic related to Business Travel & Client Entertainment,Business Expenses,,false
Economy,Domestic,expense,business,Economy related to Business Travel & Client Entertainment,Personal Expenses,,false
Business,Domestic,expense,business,Business related to Business Travel & Client Entertainment,Personal Expenses,,false
International,Business Flights,expense,business,International related to Business Travel & Client Entertainment,Business Expenses,,false
Economy,International,expense,business,Economy related to Business Travel & Client Entertainment,Personal Expenses,,false
Business,International,expense,business,Business related to Business Travel & Client Entertainment,Personal Expenses,,false
Business Accommodation,Business Travel & Client Entertainment,expense,business,Business Accommodation related to Business Travel & Client Entertainment,Business Expenses,,false
Hotels,Business Accommodation,expense,business,Hotels related to Business Travel & Client Entertainment,Business Expenses,,false
Standard Hotel,Hotels,expense,business,Standard Hotel related to Business Travel & Client Entertainment,Personal Expenses,,false
Business Hotel,Hotels,expense,business,Business Hotel related to Business Travel & Client Entertainment,Personal Expenses,,false
Luxury Hotel,Hotels,expense,business,Luxury Hotel related to Business Travel & Client Entertainment,Personal Expenses,,false
Serviced Apartment,Business Accommodation,expense,business,Serviced Apartment related to Business Travel & Client Entertainment,Business Expenses,,false
Short Stay,Serviced Apartment,expense,business,Short Stay related to Business Travel & Client Entertainment,Business Expenses,,false
Long Stay,Serviced Apartment,expense,business,Long Stay related to Business Travel & Client Entertainment,Business Expenses,,false
Local Business Transport,Business Travel & Client Entertainment,expense,business,Local Business Transport related to Business Travel & Client Entertainment,Business Expenses,,false
Taxi,Local Business Transport,expense,business,Taxi related to Business Travel & Client Entertainment,Business Expenses,,false
Airport Transfer,Taxi,expense,business,Airport Transfer related to Business Travel & Client Entertainment,Personal Expenses,,false
Client Visit,Taxi,expense,business,Client Visit related to Business Travel & Client Entertainment,Personal Expenses,,false
Car Rental,Local Business Transport,expense,business,Car Rental related to Business Travel & Client Entertainment,Business Expenses,,false
Self-drive,Car Rental,expense,business,Self-drive related to Business Travel & Client Entertainment,Personal Expenses,,false
With Driver,Car Rental,expense,business,With Driver related to Business Travel & Client Entertainment,Personal Expenses,,false
Public Transport,Local Business Transport,expense,business,Public Transport related to Business Travel & Client Entertainment,Business Expenses,,false
Metro,Public Transport,expense,business,Metro related to Business Travel & Client Entertainment,Personal Expenses,,false
Train,Public Transport,expense,business,Train related to Business Travel & Client Entertainment,Personal Expenses,,false
Business Meals,Business Travel & Client Entertainment,expense,business,Business Meals related to Business Travel & Client Entertainment,Business Expenses,,false
Client Meals,Business Meals,expense,business,Client Meals related to Business Travel & Client Entertainment,Business Expenses,,false
Client Lunch,Client Meals,expense,business,Client Lunch related to Business Travel & Client Entertainment,Business Expenses,,false
Client Dinner,Client Meals,expense,business,Client Dinner related to Business Travel & Client Entertainment,Business Expenses,,false
Team Meals,Business Meals,expense,business,Team Meals related to Business Travel & Client Entertainment,Business Expenses,,false
Team Lunch,Team Meals,expense,business,Team Lunch related to Business Travel & Client Entertainment,Business Expenses,,false
Team Dinner,Team Meals,expense,business,Team Dinner related to Business Travel & Client Entertainment,Business Expenses,,false
Travel Meals,Business Meals,expense,business,Travel Meals related to Business Travel & Client Entertainment,Business Expenses,,false
Airport Meal,Travel Meals,expense,business,Airport Meal related to Business Travel & Client Entertainment,Business Expenses,,false
Per Diem Meal,Travel Meals,expense,business,Per Diem Meal related to Business Travel & Client Entertainment,Business Expenses,,false
Client Entertainment,Business Travel & Client Entertainment,expense,business,Client Entertainment related to Business Travel & Client Entertainment,Business Expenses,,false
Events,Client Entertainment,expense,business,Events related to Business Travel & Client Entertainment,Business Expenses,,false
Sports / Show Ticket,Events,expense,business,Sports / Show Ticket related to Business Travel & Client Entertainment,Business Expenses,,false
Hospitality,Client Entertainment,expense,business,Hospitality related to Business Travel & Client Entertainment,Business Expenses,,false
Corporate Hospitality,Hospitality,expense,business,Corporate Hospitality related to Business Travel & Client Entertainment,Business Expenses,,false
Gifts,Client Entertainment,expense,business,Gifts related to Business Travel & Client Entertainment,Business Expenses,,false
Client Gift,Gifts,expense,business,Client Gift related to Business Travel & Client Entertainment,Personal Expenses,,false
Business Professional Services,Business Expenses,expense,business,"Professional, legal, accounting and consulting services",Business Expenses,,false
Accounting & Tax,Business Professional Services,expense,business,Accounting & Tax related to Business Professional Services,Business Expenses,,false
Chartered Accountant,Accounting & Tax,expense,business,Chartered Accountant related to Business Professional Services,Business Expenses,,false
Bookkeeping,Chartered Accountant,expense,business,Bookkeeping related to Business Professional Services,Business Expenses,,false
Audit,Chartered Accountant,expense,business,Audit related to Business Professional Services,Business Expenses,,false
Income Tax Filing,Chartered Accountant,expense,business,Income Tax Filing related to Business Professional Services,Business Expenses,,false
GST Filing,Chartered Accountant,expense,business,GST Filing related to Business Professional Services,Business Expenses,,false
Company Secretary,Accounting & Tax,expense,business,Company Secretary related to Business Professional Services,Business Expenses,,false
ROC Filing,Company Secretary,expense,business,ROC Filing related to Business Professional Services,Business Expenses,,false
Secretarial Compliance,Company Secretary,expense,business,Secretarial Compliance related to Business Professional Services,Business Expenses,,false
Legal,Business Professional Services,expense,business,Legal related to Business Professional Services,Business Expenses,,false
Lawyer,Legal,expense,business,Lawyer related to Business Professional Services,Business Expenses,,false
Consultation,Lawyer,expense,business,Consultation related to Business Professional Services,Business Expenses,,false
Contract Drafting,Lawyer,expense,business,Contract Drafting related to Business Professional Services,Business Expenses,,false
Litigation,Lawyer,expense,business,Litigation related to Business Professional Services,Business Expenses,,false
Trademark & IP,Legal,expense,business,Trademark & IP related to Business Professional Services,Business Expenses,,false
Trademark Filing,Trademark & IP,expense,business,Trademark Filing related to Business Professional Services,Business Expenses,,false
Patent Filing,Trademark & IP,expense,business,Patent Filing related to Business Professional Services,Business Expenses,,false
Consulting,Business Professional Services,expense,business,Consulting related to Business Professional Services,Business Expenses,,false
Management Consulting,Consulting,expense,business,Management Consulting related to Business Professional Services,Personal Income,,false
Strategy,Management Consulting,expense,business,Strategy related to Business Professional Services,Personal Income,,false
Operations,Management Consulting,expense,business,Operations related to Business Professional Services,Personal Income,,false
Technology Consulting,Consulting,expense,business,Technology Consulting related to Business Professional Services,Personal Income,,false
IT Consulting,Technology Consulting,expense,business,IT Consulting related to Business Professional Services,Personal Income,,false
Cybersecurity Consulting,Technology Consulting,expense,business,Cybersecurity Consulting related to Business Professional Services,Personal Income,,false
HR Consulting,Consulting,expense,business,HR Consulting related to Business Professional Services,Personal Income,,false
HR Advisory,HR Consulting,expense,business,HR Advisory related to Business Professional Services,Personal Income,,false
Compensation Consulting,HR Consulting,expense,business,Compensation Consulting related to Business Professional Services,Personal Income,,false
Audit & Certification,Business Professional Services,expense,business,Audit & Certification related to Business Professional Services,Business Expenses,,false
Statutory Audit,Audit & Certification,expense,business,Statutory Audit related to Business Professional Services,Business Expenses,,false
Audit Fee,Statutory Audit,expense,business,Audit Fee related to Business Professional Services,Business Expenses,,false
Internal Audit,Audit & Certification,expense,business,Internal Audit related to Business Professional Services,Business Expenses,,false
Audit Fee,Internal Audit,expense,business,Audit Fee related to Business Professional Services,Business Expenses,,false
ISO / Quality,Audit & Certification,expense,business,ISO / Quality related to Business Professional Services,Business Expenses,,false
Certification Fee,ISO / Quality,expense,business,Certification Fee related to Business Professional Services,Business Expenses,,false
Audit Fee,ISO / Quality,expense,business,Audit Fee related to Business Professional Services,Business Expenses,,false
Banking / Merchant Services,Business Professional Services,expense,business,Banking / Merchant Services related to Business Professional Services,Business Expenses,,false
Payment Gateway,Banking / Merchant Services,expense,business,Payment Gateway related to Business Professional Services,Business Expenses,,false
Gateway Fee,Payment Gateway,expense,business,Gateway Fee related to Business Professional Services,Personal Expenses,,false
Settlement Fee,Payment Gateway,expense,business,Settlement Fee related to Business Professional Services,Personal Expenses,,false
POS Services,Banking / Merchant Services,expense,business,POS Services related to Business Professional Services,Business Expenses,,false
POS Rental,POS Services,expense,business,POS Rental related to Business Professional Services,Business Expenses,,false
Transaction Fee,POS Services,expense,business,Transaction Fee related to Business Professional Services,Business Expenses,,false
Business Taxes & Compliance,Business Expenses,expense,business,"Business taxes, statutory remittances and compliance",Business Expenses,,false
GST,Business Taxes & Compliance,expense,business,GST related to Business Taxes & Compliance,Business Expenses,,false
GST Payment,GST,expense,business,GST Payment related to Business Taxes & Compliance,Business Expenses,,false
CGST,GST Payment,expense,business,CGST related to Business Taxes & Compliance,Business Expenses,,false
SGST,GST Payment,expense,business,SGST related to Business Taxes & Compliance,Business Expenses,,false
IGST,GST Payment,expense,business,IGST related to Business Taxes & Compliance,Business Expenses,,false
GST Filing,GST,expense,business,GST Filing related to Business Taxes & Compliance,Business Expenses,,false
Return Filing Fee,GST Filing,expense,business,Return Filing Fee related to Business Taxes & Compliance,Business Expenses,,false
GST Interest & Penalty,GST,expense,business,GST Interest & Penalty related to Business Taxes & Compliance,Business Expenses,,false
Interest,GST Interest & Penalty,expense,business,Interest related to Business Taxes & Compliance,Business Expenses,,false
Penalty,GST Interest & Penalty,expense,business,Penalty related to Business Taxes & Compliance,Business Expenses,,false
TDS,Business Taxes & Compliance,expense,business,TDS related to Business Taxes & Compliance,Business Expenses,,false
TDS Remittance,TDS,expense,business,TDS Remittance related to Business Taxes & Compliance,Business Expenses,,false
Vendor TDS,TDS Remittance,expense,business,Vendor TDS related to Business Taxes & Compliance,Business Expenses,,false
Professional TDS,TDS Remittance,expense,business,Professional TDS related to Business Taxes & Compliance,Business Expenses,,false
Rent TDS,TDS Remittance,expense,business,Rent TDS related to Business Taxes & Compliance,Business Expenses,,false
TDS Filing,TDS,expense,business,TDS Filing related to Business Taxes & Compliance,Business Expenses,,false
Quarterly Return Fee,TDS Filing,expense,business,Quarterly Return Fee related to Business Taxes & Compliance,Business Expenses,,false
TDS Interest & Penalty,TDS,expense,business,TDS Interest & Penalty related to Business Taxes & Compliance,Business Expenses,,false
Interest,TDS Interest & Penalty,expense,business,Interest related to Business Taxes & Compliance,Business Expenses,,false
Penalty,TDS Interest & Penalty,expense,business,Penalty related to Business Taxes & Compliance,Business Expenses,,false
Income Tax Business,Business Taxes & Compliance,expense,business,Income Tax Business related to Business Taxes & Compliance,Business Expenses,,false
Advance Tax,Income Tax Business,expense,business,Advance Tax related to Business Taxes & Compliance,Business Expenses,,false
Quarterly Advance Tax,Advance Tax,expense,business,Quarterly Advance Tax related to Business Taxes & Compliance,Personal Expenses,,false
Self Assessment,Income Tax Business,expense,business,Self Assessment related to Business Taxes & Compliance,Business Expenses,,false
Self Assessment Tax,Self Assessment,expense,business,Self Assessment Tax related to Business Taxes & Compliance,Business Expenses,,false
Tax Filing,Income Tax Business,expense,business,Tax Filing related to Business Taxes & Compliance,Business Expenses,,false
Business ITR Fee,Tax Filing,expense,business,Business ITR Fee related to Business Taxes & Compliance,Personal Expenses,,false
ROC & MCA,Business Taxes & Compliance,expense,business,ROC & MCA related to Business Taxes & Compliance,Business Expenses,,false
Annual Filing,ROC & MCA,expense,business,Annual Filing related to Business Taxes & Compliance,Business Expenses,,false
AOC-4,Annual Filing,expense,business,AOC-4 related to Business Taxes & Compliance,Business Expenses,,false
MGT-7,Annual Filing,expense,business,MGT-7 related to Business Taxes & Compliance,Business Expenses,,false
Incorporation & Changes,ROC & MCA,expense,business,Incorporation & Changes related to Business Taxes & Compliance,Business Expenses,,false
Incorporation Fee,Incorporation & Changes,expense,business,Incorporation Fee related to Business Taxes & Compliance,Business Expenses,,false
Director Change,Incorporation & Changes,expense,business,Director Change related to Business Taxes & Compliance,Business Expenses,,false
Registered Office Change,Incorporation & Changes,expense,business,Registered Office Change related to Business Taxes & Compliance,Business Expenses,,false
Labour Compliance,Business Taxes & Compliance,expense,business,Labour Compliance related to Business Taxes & Compliance,Business Expenses,,false
PF Compliance,Labour Compliance,expense,business,PF Compliance related to Business Taxes & Compliance,Business Expenses,,false
PF Filing Fee,PF Compliance,expense,business,PF Filing Fee related to Business Taxes & Compliance,Business Expenses,,false
ESI Compliance,Labour Compliance,expense,business,ESI Compliance related to Business Taxes & Compliance,Business Expenses,,false
ESI Filing Fee,ESI Compliance,expense,business,ESI Filing Fee related to Business Taxes & Compliance,Business Expenses,,false
Professional Tax,Labour Compliance,expense,business,Professional Tax related to Business Taxes & Compliance,Business Expenses,,false
PT Filing / Payment,Professional Tax,expense,business,PT Filing / Payment related to Business Taxes & Compliance,Personal Expenses,,false
Labour License,Labour Compliance,expense,business,Labour License related to Business Taxes & Compliance,Business Expenses,,false
License Fee,Labour License,expense,business,License Fee related to Business Taxes & Compliance,Business Expenses,,false
Local Compliance,Business Taxes & Compliance,expense,business,Local Compliance related to Business Taxes & Compliance,Business Expenses,,false
Trade License,Local Compliance,expense,business,Trade License related to Business Taxes & Compliance,Business Expenses,,false
Renewal,Trade License,expense,business,Renewal related to Business Taxes & Compliance,Business Expenses,,false
Shops & Establishment,Local Compliance,expense,business,Shops & Establishment related to Business Taxes & Compliance,Business Expenses,,false
Renewal,Shops & Establishment,expense,business,Renewal related to Business Taxes & Compliance,Business Expenses,,false
Pollution / Fire NOC,Local Compliance,expense,business,Pollution / Fire NOC related to Business Taxes & Compliance,Business Expenses,,false
NOC Fee,Pollution / Fire NOC,expense,business,NOC Fee related to Business Taxes & Compliance,Business Expenses,,false
Business Banking & Finance,Business Expenses,expense,business,"Business banking, payment processing and finance costs",Business Expenses,,false
Bank Charges,Business Banking & Finance,expense,business,Bank Charges related to Business Banking & Finance,Business Expenses,,false
Current Account,Bank Charges,expense,business,Current Account related to Business Banking & Finance,Personal Expenses,,false
Maintenance Fee,Current Account,expense,business,Maintenance Fee related to Business Banking & Finance,Personal Expenses,,false
Cash Deposit Fee,Current Account,expense,business,Cash Deposit Fee related to Business Banking & Finance,Personal Expenses,,false
Personal Transfers,Bank Charges,expense,business,Transfers related to Business Banking & Finance,Personal Expenses,,false
NEFT / RTGS,Personal Transfers,expense,business,NEFT / RTGS related to Business Banking & Finance,Transfers,,false
IMPS,Personal Transfers,expense,business,IMPS related to Business Banking & Finance,Transfers,,false
SWIFT,Personal Transfers,expense,business,SWIFT related to Business Banking & Finance,Transfers,,false
Cheque,Bank Charges,expense,business,Cheque related to Business Banking & Finance,Personal Expenses,,false
Cheque Book,Cheque,expense,business,Cheque Book related to Business Banking & Finance,Personal Expenses,,false
Cheque Return,Cheque,expense,business,Cheque Return related to Business Banking & Finance,Personal Expenses,,false
Payment Processing,Business Banking & Finance,expense,business,Payment Processing related to Business Banking & Finance,Business Expenses,,false
Payment Gateway,Payment Processing,expense,business,Payment Gateway related to Business Banking & Finance,Business Expenses,,false
Transaction Fee,Payment Gateway,expense,business,Transaction Fee related to Business Banking & Finance,Personal Expenses,,false
Card MDR,Payment Processing,expense,business,Card MDR related to Business Banking & Finance,Business Expenses,,false
POS MDR,Card MDR,expense,business,POS MDR related to Business Banking & Finance,Business Expenses,,false
Online Card MDR,Card MDR,expense,business,Online Card MDR related to Business Banking & Finance,Business Expenses,,false
UPI Merchant,Payment Processing,expense,business,UPI Merchant related to Business Banking & Finance,Business Expenses,,false
Merchant Charges,UPI Merchant,expense,business,Merchant Charges related to Business Banking & Finance,Business Expenses,,false
Borrowing Costs,Business Banking & Finance,expense,business,Borrowing Costs related to Business Banking & Finance,Business Expenses,,false
Business Loan,Borrowing Costs,expense,business,Business Loan related to Business Banking & Finance,Business Expenses,,false
Interest,Business Loan,expense,business,Interest related to Business Banking & Finance,Business Expenses,,false
Processing Fee,Business Loan,expense,business,Processing Fee related to Business Banking & Finance,Business Expenses,,false
OD / Cash Credit,Borrowing Costs,expense,business,OD / Cash Credit related to Business Banking & Finance,Business Expenses,,false
Interest,OD / Cash Credit,expense,business,Interest related to Business Banking & Finance,Business Expenses,,false
Renewal Fee,OD / Cash Credit,expense,business,Renewal Fee related to Business Banking & Finance,Business Expenses,,false
Invoice Financing,Borrowing Costs,expense,business,Invoice Financing related to Business Banking & Finance,Business Expenses,,false
Discounting Fee,Invoice Financing,expense,business,Discounting Fee related to Business Banking & Finance,Business Expenses,,false
Interest,Invoice Financing,expense,business,Interest related to Business Banking & Finance,Business Expenses,,false
Forex,Business Banking & Finance,expense,business,Forex related to Business Banking & Finance,Business Expenses,,false
Currency Conversion,Forex,expense,business,Currency Conversion related to Business Banking & Finance,Business Expenses,,false
Forex Spread,Currency Conversion,expense,business,Forex Spread related to Business Banking & Finance,Business Expenses,,false
Bank Fee,Currency Conversion,expense,business,Bank Fee related to Business Banking & Finance,Business Expenses,,false
Remittance,Forex,expense,business,Remittance related to Business Banking & Finance,Business Expenses,,false
Outward Remittance Fee,Remittance,expense,business,Outward Remittance Fee related to Business Banking & Finance,Business Expenses,,false
Inward Remittance Fee,Remittance,expense,business,Inward Remittance Fee related to Business Banking & Finance,Business Expenses,,false
Business Logistics & Delivery,Business Expenses,expense,business,"Business logistics, shipping, courier and warehousing",Business Expenses,,false
Courier,Business Logistics & Delivery,expense,business,Courier related to Business Logistics & Delivery,Business Expenses,,false
Domestic Courier,Courier,expense,business,Domestic Courier related to Business Logistics & Delivery,Personal Expenses,,false
Documents,Domestic Courier,expense,business,Documents related to Business Logistics & Delivery,Personal Expenses,,false
Parcels,Domestic Courier,expense,business,Parcels related to Business Logistics & Delivery,Personal Expenses,,false
International Courier,Courier,expense,business,International Courier related to Business Logistics & Delivery,Personal Expenses,,false
Documents,International Courier,expense,business,Documents related to Business Logistics & Delivery,Personal Expenses,,false
Parcels,International Courier,expense,business,Parcels related to Business Logistics & Delivery,Personal Expenses,,false
Shipping & Freight,Business Logistics & Delivery,expense,business,Shipping & Freight related to Business Logistics & Delivery,Business Expenses,,false
Road Freight,Shipping & Freight,expense,business,Road Freight related to Business Logistics & Delivery,Business Expenses,,false
Local Freight,Road Freight,expense,business,Local Freight related to Business Logistics & Delivery,Business Expenses,,false
Interstate Freight,Road Freight,expense,business,Interstate Freight related to Business Logistics & Delivery,Business Expenses,,false
Air Freight,Shipping & Freight,expense,business,Air Freight related to Business Logistics & Delivery,Business Expenses,,false
Domestic Air Freight,Air Freight,expense,business,Domestic Air Freight related to Business Logistics & Delivery,Business Expenses,,false
International Air Freight,Air Freight,expense,business,International Air Freight related to Business Logistics & Delivery,Business Expenses,,false
Sea Freight,Shipping & Freight,expense,business,Sea Freight related to Business Logistics & Delivery,Business Expenses,,false
FCL,Sea Freight,expense,business,FCL related to Business Logistics & Delivery,Business Expenses,,false
LCL,Sea Freight,expense,business,LCL related to Business Logistics & Delivery,Business Expenses,,false
Last-mile Delivery,Business Logistics & Delivery,expense,business,Last-mile Delivery related to Business Logistics & Delivery,Business Expenses,,false
Local Delivery,Last-mile Delivery,expense,business,Local Delivery related to Business Logistics & Delivery,Business Expenses,,false
Bike Delivery,Local Delivery,expense,business,Bike Delivery related to Business Logistics & Delivery,Business Expenses,,false
Van Delivery,Local Delivery,expense,business,Van Delivery related to Business Logistics & Delivery,Business Expenses,,false
E-commerce Shipping,Last-mile Delivery,expense,business,E-commerce Shipping related to Business Logistics & Delivery,Business Expenses,,false
Marketplace Shipping,E-commerce Shipping,expense,business,Marketplace Shipping related to Business Logistics & Delivery,Business Expenses,,false
3PL Shipping,E-commerce Shipping,expense,business,3PL Shipping related to Business Logistics & Delivery,Business Expenses,,false
Warehousing,Business Logistics & Delivery,expense,business,Warehousing related to Business Logistics & Delivery,Business Expenses,,false
Warehouse Rent,Warehousing,expense,business,Warehouse Rent related to Business Logistics & Delivery,Business Expenses,,false
Monthly Rent,Warehouse Rent,expense,business,Monthly Rent related to Business Logistics & Delivery,Personal Income,,false
Storage Charges,Warehousing,expense,business,Storage Charges related to Business Logistics & Delivery,Business Expenses,,false
Per Pallet,Storage Charges,expense,business,Per Pallet related to Business Logistics & Delivery,Business Expenses,,false
Per Sq Ft,Storage Charges,expense,business,Per Sq Ft related to Business Logistics & Delivery,Business Expenses,,false
Fulfilment,Warehousing,expense,business,Fulfilment related to Business Logistics & Delivery,Business Expenses,,false
Pick & Pack,Fulfilment,expense,business,Pick & Pack related to Business Logistics & Delivery,Business Expenses,,false
Fulfilment Fee,Fulfilment,expense,business,Fulfilment Fee related to Business Logistics & Delivery,Business Expenses,,false
Packaging Logistics,Business Logistics & Delivery,expense,business,Packaging Logistics related to Business Logistics & Delivery,Business Expenses,,false
Shipping Boxes,Packaging Logistics,expense,business,Shipping Boxes related to Business Logistics & Delivery,Business Expenses,,false
Boxes,Shipping Boxes,expense,business,Boxes related to Business Logistics & Delivery,Business Expenses,,false
Protective Packaging,Packaging Logistics,expense,business,Protective Packaging related to Business Logistics & Delivery,Business Expenses,,false
Bubble Wrap,Protective Packaging,expense,business,Bubble Wrap related to Business Logistics & Delivery,Business Expenses,,false
Foam,Protective Packaging,expense,business,Foam related to Business Logistics & Delivery,Business Expenses,,false
Labels & Documents,Packaging Logistics,expense,business,Labels & Documents related to Business Logistics & Delivery,Business Expenses,,false
Shipping Labels,Labels & Documents,expense,business,Shipping Labels related to Business Logistics & Delivery,Business Expenses,,false
Invoice Pouches,Labels & Documents,expense,business,Invoice Pouches related to Business Logistics & Delivery,Business Expenses,,false
Business Property & Facilities,Business Expenses,expense,business,"Office, factory, warehouse and facility costs",Business Expenses,,false
Office Rent,Business Property & Facilities,expense,business,Office Rent related to Business Property & Facilities,Business Expenses,,false
Commercial Rent,Office Rent,expense,business,Commercial Rent related to Business Property & Facilities,Personal Income,,false
Office Rent,Commercial Rent,expense,business,Office Rent related to Business Property & Facilities,Personal Income,,false
Coworking Rent,Commercial Rent,expense,business,Coworking Rent related to Business Property & Facilities,Personal Income,,false
Security Deposit Costs,Office Rent,expense,business,Security Deposit Costs related to Business Property & Facilities,Personal Income,,false
Brokerage,Security Deposit Costs,expense,business,Brokerage related to Business Property & Facilities,Personal Income,,false
Documentation,Security Deposit Costs,expense,business,Documentation related to Business Property & Facilities,Personal Income,,false
Factory / Warehouse Rent,Business Property & Facilities,expense,business,Factory / Warehouse Rent related to Business Property & Facilities,Business Expenses,,false
Factory Rent,Factory / Warehouse Rent,expense,business,Factory Rent related to Business Property & Facilities,Business Expenses,,false
Monthly Rent,Factory Rent,expense,business,Monthly Rent related to Business Property & Facilities,Business Expenses,,false
Warehouse Rent,Factory / Warehouse Rent,expense,business,Warehouse Rent related to Business Property & Facilities,Business Expenses,,false
Facility Utilities,Business Property & Facilities,expense,business,Facility Utilities related to Business Property & Facilities,Business Expenses,,false
Electricity,Facility Utilities,expense,business,Electricity related to Business Property & Facilities,Business Expenses,,false
Office,Electricity,expense,business,Office related to Business Property & Facilities,Personal Expenses,,false
Factory,Electricity,expense,business,Factory related to Business Property & Facilities,Personal Expenses,,false
Warehouse,Electricity,expense,business,Warehouse related to Business Property & Facilities,Personal Expenses,,false
Water,Facility Utilities,expense,business,Water related to Business Property & Facilities,Business Expenses,,false
Office,Water,expense,business,Office related to Business Property & Facilities,Personal Expenses,,false
Factory,Water,expense,business,Factory related to Business Property & Facilities,Personal Expenses,,false
Internet,Facility Utilities,expense,business,Internet related to Business Property & Facilities,Business Expenses,,false
Primary Link,Internet,expense,business,Primary Link related to Business Property & Facilities,Personal Expenses,,false
Backup Link,Internet,expense,business,Backup Link related to Business Property & Facilities,Personal Expenses,,false
Facility Services,Business Property & Facilities,expense,business,Facility Services related to Business Property & Facilities,Business Expenses,,false
Housekeeping,Facility Services,expense,business,Housekeeping related to Business Property & Facilities,Business Expenses,,false
Cleaning Staff,Housekeeping,expense,business,Cleaning Staff related to Business Property & Facilities,Business Expenses,,false
Cleaning Contract,Housekeeping,expense,business,Cleaning Contract related to Business Property & Facilities,Business Expenses,,false
Security,Facility Services,expense,business,Security related to Business Property & Facilities,Business Expenses,,false
Security Guard,Security,expense,business,Security Guard related to Business Property & Facilities,Personal Expenses,,false
Security Agency,Security,expense,business,Security Agency related to Business Property & Facilities,Personal Expenses,,false
Pest Control,Facility Services,expense,business,Pest Control related to Business Property & Facilities,Business Expenses,,false
Routine Treatment,Pest Control,expense,business,Routine Treatment related to Business Property & Facilities,Personal Expenses,,false
Waste Disposal,Facility Services,expense,business,Waste Disposal related to Business Property & Facilities,Business Expenses,,false
Commercial Waste,Waste Disposal,expense,business,Commercial Waste related to Business Property & Facilities,Business Expenses,,false
Facility Repairs,Business Property & Facilities,expense,business,Facility Repairs related to Business Property & Facilities,Business Expenses,,false
Electrical,Facility Repairs,expense,business,Electrical related to Business Property & Facilities,Business Expenses,,false
Electrical Repair,Electrical,expense,business,Electrical Repair related to Business Property & Facilities,Personal Expenses,,false
Plumbing,Facility Repairs,expense,business,Plumbing related to Business Property & Facilities,Business Expenses,,false
Plumbing Repair,Plumbing,expense,business,Plumbing Repair related to Business Property & Facilities,Personal Expenses,,false
Civil,Facility Repairs,expense,business,Civil related to Business Property & Facilities,Business Expenses,,false
Civil Repair,Civil,expense,business,Civil Repair related to Business Property & Facilities,Business Expenses,,false
HVAC,Facility Repairs,expense,business,HVAC related to Business Property & Facilities,Business Expenses,,false
AC / HVAC Service,HVAC,expense,business,AC / HVAC Service related to Business Property & Facilities,Business Expenses,,false
Agriculture & Rural Household,Personal Expenses,expense,personal,Agriculture and rural household expenses,Personal Expenses,,false
Farm Inputs,Agriculture & Rural Household,expense,personal,Farm Inputs related to Agriculture & Rural Household,Personal Expenses,,false
Seeds,Farm Inputs,expense,personal,Seeds related to Agriculture & Rural Household,Personal Expenses,,false
Crop Seeds,Seeds,expense,personal,Crop Seeds related to Agriculture & Rural Household,Personal Expenses,,false
Vegetable Seeds,Seeds,expense,personal,Vegetable Seeds related to Agriculture & Rural Household,Personal Expenses,,false
Fertilizer,Farm Inputs,expense,personal,Fertilizer related to Agriculture & Rural Household,Personal Expenses,,false
Chemical Fertilizer,Fertilizer,expense,personal,Chemical Fertilizer related to Agriculture & Rural Household,Personal Expenses,,false
Organic Fertilizer,Fertilizer,expense,personal,Organic Fertilizer related to Agriculture & Rural Household,Personal Expenses,,false
Pesticides,Farm Inputs,expense,personal,Pesticides related to Agriculture & Rural Household,Personal Expenses,,false
Pesticide,Pesticides,expense,personal,Pesticide related to Agriculture & Rural Household,Personal Expenses,,false
Herbicide,Pesticides,expense,personal,Herbicide related to Agriculture & Rural Household,Personal Expenses,,false
Animal Feed,Farm Inputs,expense,personal,Animal Feed related to Agriculture & Rural Household,Personal Expenses,,false
Cattle Feed,Animal Feed,expense,personal,Cattle Feed related to Agriculture & Rural Household,Personal Expenses,,false
Poultry Feed,Animal Feed,expense,personal,Poultry Feed related to Agriculture & Rural Household,Personal Expenses,,false
Farm Operations,Agriculture & Rural Household,expense,personal,Farm Operations related to Agriculture & Rural Household,Personal Expenses,,false
Labour,Farm Operations,expense,personal,Labour related to Agriculture & Rural Household,Personal Expenses,,false
Daily Wage Labour,Labour,expense,personal,Daily Wage Labour related to Agriculture & Rural Household,Personal Expenses,,false
Harvest Labour,Labour,expense,personal,Harvest Labour related to Agriculture & Rural Household,Personal Expenses,,false
Irrigation,Farm Operations,expense,personal,Irrigation related to Agriculture & Rural Household,Personal Expenses,,false
Pump Electricity,Irrigation,expense,personal,Pump Electricity related to Agriculture & Rural Household,Personal Expenses,,false
Diesel Pump,Irrigation,expense,personal,Diesel Pump related to Agriculture & Rural Household,Personal Expenses,,false
Water Charge,Irrigation,expense,personal,Water Charge related to Agriculture & Rural Household,Personal Expenses,,false
Machinery,Farm Operations,expense,personal,Machinery related to Agriculture & Rural Household,Personal Expenses,,false
Tractor Hire,Machinery,expense,personal,Tractor Hire related to Agriculture & Rural Household,Personal Expenses,,false
Equipment Hire,Machinery,expense,personal,Equipment Hire related to Agriculture & Rural Household,Personal Expenses,,false
Transport,Farm Operations,expense,personal,Transport related to Agriculture & Rural Household,Personal Expenses,,false
Produce Transport,Transport,expense,personal,Produce Transport related to Agriculture & Rural Household,Transfers,,false
Livestock,Agriculture & Rural Household,expense,personal,Livestock related to Agriculture & Rural Household,Personal Expenses,,false
Veterinary,Livestock,expense,personal,Veterinary related to Agriculture & Rural Household,Personal Expenses,,false
Vet Visit,Veterinary,expense,personal,Vet Visit related to Agriculture & Rural Household,Personal Expenses,,false
Medicines,Veterinary,expense,personal,Medicines related to Agriculture & Rural Household,Personal Expenses,,false
Feed,Livestock,expense,personal,Feed related to Agriculture & Rural Household,Personal Expenses,,false
Cattle Feed,Feed,expense,personal,Cattle Feed related to Agriculture & Rural Household,Personal Expenses,,false
Poultry Feed,Feed,expense,personal,Poultry Feed related to Agriculture & Rural Household,Personal Expenses,,false
Purchase,Livestock,expense,personal,Purchase related to Agriculture & Rural Household,Personal Expenses,,false
Cattle Purchase,Purchase,expense,personal,Cattle Purchase related to Agriculture & Rural Household,Investments,,false
Poultry Purchase,Purchase,expense,personal,Poultry Purchase related to Agriculture & Rural Household,Investments,,false
Rural Household,Agriculture & Rural Household,expense,personal,Rural Household related to Agriculture & Rural Household,Personal Expenses,,false
LPG / Fuel,Rural Household,expense,personal,LPG / Fuel related to Agriculture & Rural Household,Personal Expenses,,false
LPG,LPG / Fuel,expense,personal,LPG related to Agriculture & Rural Household,Personal Expenses,,false
Kerosene,LPG / Fuel,expense,personal,Kerosene related to Agriculture & Rural Household,Personal Expenses,,false
Water,Rural Household,expense,personal,Water related to Agriculture & Rural Household,Personal Expenses,,false
Tanker / Pump,Water,expense,personal,Tanker / Pump related to Agriculture & Rural Household,Personal Expenses,,false
Local Transport,Rural Household,expense,personal,Local Transport related to Agriculture & Rural Household,Personal Expenses,,false
Shared Auto,Local Transport,expense,personal,Shared Auto related to Agriculture & Rural Household,Personal Expenses,,false
Bus,Local Transport,expense,personal,Bus related to Agriculture & Rural Household,Personal Expenses,,false
Events & Celebrations,Personal Expenses,expense,personal,"Family, social and office celebrations",Personal Expenses,,false
Birthdays,Events & Celebrations,expense,personal,Birthdays related to Events & Celebrations,Personal Expenses,,false
Party,Birthdays,expense,personal,Party related to Events & Celebrations,Personal Expenses,,false
Venue,Party,expense,personal,Venue related to Events & Celebrations,Personal Expenses,,false
Food,Party,expense,personal,Food related to Events & Celebrations,Personal Expenses,,false
Cake,Party,expense,personal,Cake related to Events & Celebrations,Personal Expenses,,false
Gifts,Birthdays,expense,personal,Gifts related to Events & Celebrations,Personal Expenses,,false
Return Gifts,Gifts,expense,personal,Return Gifts related to Events & Celebrations,Personal Expenses,,false
Main Gift,Gifts,expense,personal,Main Gift related to Events & Celebrations,Personal Expenses,,false
Decorations,Birthdays,expense,personal,Decorations related to Events & Celebrations,Personal Expenses,,false
Balloons,Decorations,expense,personal,Balloons related to Events & Celebrations,Personal Expenses,,false
Decor,Decorations,expense,personal,Decor related to Events & Celebrations,Personal Expenses,,false
Weddings & Functions,Events & Celebrations,expense,personal,Weddings & Functions related to Events & Celebrations,Personal Expenses,,false
Venue,Weddings & Functions,expense,personal,Venue related to Events & Celebrations,Personal Expenses,,false
Banquet Hall,Venue,expense,personal,Banquet Hall related to Events & Celebrations,Personal Expenses,,false
Lawn,Venue,expense,personal,Lawn related to Events & Celebrations,Personal Expenses,,false
Catering,Weddings & Functions,expense,personal,Catering related to Events & Celebrations,Personal Expenses,,false
Food,Catering,expense,personal,Food related to Events & Celebrations,Personal Expenses,,false
Beverages,Catering,expense,personal,Beverages related to Events & Celebrations,Personal Expenses,,false
Decor,Weddings & Functions,expense,personal,Decor related to Events & Celebrations,Personal Expenses,,false
Stage,Decor,expense,personal,Stage related to Events & Celebrations,Personal Expenses,,false
Flowers,Decor,expense,personal,Flowers related to Events & Celebrations,Personal Expenses,,false
Photography,Weddings & Functions,expense,personal,Photography related to Events & Celebrations,Personal Expenses,,false
Photo,Photography,expense,personal,Photo related to Events & Celebrations,Personal Expenses,,false
Video,Photography,expense,personal,Video related to Events & Celebrations,Personal Expenses,,false
Clothing,Weddings & Functions,expense,personal,Clothing related to Events & Celebrations,Personal Expenses,,false
Wedding Clothing,Clothing,expense,personal,Wedding Clothing related to Events & Celebrations,Personal Expenses,,false
Jewellery,Weddings & Functions,expense,personal,Jewellery related to Events & Celebrations,Personal Expenses,,false
Wedding Jewellery,Jewellery,expense,personal,Wedding Jewellery related to Events & Celebrations,Personal Expenses,,false
Travel,Weddings & Functions,expense,personal,Travel related to Events & Celebrations,Personal Expenses,,false
Guest Travel,Travel,expense,personal,Guest Travel related to Events & Celebrations,Personal Expenses,,false
Hotel,Travel,expense,personal,Hotel related to Events & Celebrations,Personal Expenses,,false
Anniversary,Events & Celebrations,expense,personal,Anniversary related to Events & Celebrations,Personal Expenses,,false
Celebration,Anniversary,expense,personal,Celebration related to Events & Celebrations,Personal Expenses,,false
Dinner,Celebration,expense,personal,Dinner related to Events & Celebrations,Personal Expenses,,false
Party,Celebration,expense,personal,Party related to Events & Celebrations,Personal Expenses,,false
Gift,Anniversary,expense,personal,Gift related to Events & Celebrations,Personal Expenses,,false
Gift Purchase,Gift,expense,personal,Gift related to Events & Celebrations,Personal Expenses,,false
Housewarming,Events & Celebrations,expense,personal,Housewarming related to Events & Celebrations,Personal Expenses,,false
Pandit,Puja,expense,personal,Pandit related to Events & Celebrations,Personal Expenses,,false
Puja Supplies,Puja,expense,personal,Puja Supplies related to Events & Celebrations,Personal Expenses,,false
Catering,Food,expense,personal,Catering related to Events & Celebrations,Personal Expenses,,false
Guests,Housewarming,expense,personal,Guests related to Events & Celebrations,Personal Expenses,,false
Gifts / Return Gifts,Guests,expense,personal,Gifts / Return Gifts related to Events & Celebrations,Personal Expenses,,false
Office Celebrations,Events & Celebrations,expense,personal,Office Celebrations related to Events & Celebrations,Personal Expenses,,false
Team Event,Office Celebrations,expense,personal,Team Event related to Events & Celebrations,Personal Expenses,,false
Food,Team Event,expense,personal,Food related to Events & Celebrations,Personal Expenses,,false
Venue,Team Event,expense,personal,Venue related to Events & Celebrations,Personal Expenses,,false
Farewell,Office Celebrations,expense,personal,Farewell related to Events & Celebrations,Personal Expenses,,false
Gift,Farewell,expense,personal,Gift related to Events & Celebrations,Personal Expenses,,false
Cake,Farewell,expense,personal,Cake related to Events & Celebrations,Personal Expenses,,false
Festival Celebration,Office Celebrations,expense,personal,Festival Celebration related to Events & Celebrations,Personal Expenses,,false
Decor,Festival Celebration,expense,personal,Decor related to Events & Celebrations,Personal Expenses,,false
Food,Festival Celebration,expense,personal,Food related to Events & Celebrations,Personal Expenses,,false
Gifts,Festival Celebration,expense,personal,Gifts related to Events & Celebrations,Personal Expenses,,false
Uncategorized,Personal Expenses,expense,personal,Fallback category for transactions requiring review,Personal Expenses,,false
Needs Review,Uncategorized,expense,personal,Needs Review related to Uncategorized,Personal Expenses,,false
Unknown Merchant,Needs Review,expense,personal,Unknown Merchant related to Uncategorized,Personal Expenses,,false
Merchant Not Recognized,Unknown Merchant,expense,personal,Merchant Not Recognized related to Uncategorized,Personal Expenses,,false
Ambiguous Transaction,Needs Review,expense,personal,Ambiguous Transaction related to Uncategorized,Personal Expenses,,false
Multiple Possible Categories,Ambiguous Transaction,expense,personal,Multiple Possible Categories related to Uncategorized,Personal Expenses,,false
Poor Description,Needs Review,expense,personal,Poor Description related to Uncategorized,Personal Expenses,,false
Missing Merchant,Poor Description,expense,personal,Missing Merchant related to Uncategorized,Personal Expenses,,false
Generic Bank Text,Poor Description,expense,personal,Generic Bank Text related to Uncategorized,Personal Expenses,,false
Potential Transfer,Needs Review,expense,personal,Potential Transfer related to Uncategorized,Personal Expenses,,false
Transfer Needs Matching,Potential Transfer,expense,personal,Transfer Needs Matching related to Uncategorized,Personal Expenses,,false
Uncategorized Expense,Uncategorized,expense,personal,Uncategorized Expense related to Uncategorized,Personal Expenses,,false
Unknown Debit,Uncategorized Expense,expense,personal,Unknown Debit related to Uncategorized,Personal Expenses,,false
Card Debit,Unknown Debit,expense,personal,Card Debit related to Uncategorized,Personal Expenses,,false
Bank Debit,Unknown Debit,expense,personal,Bank Debit related to Uncategorized,Personal Expenses,,false
UPI Debit,Unknown Debit,expense,personal,UPI Debit related to Uncategorized,Personal Expenses,,false
Uncategorized Income,Uncategorized,income,personal,Uncategorized Income related to Uncategorized,Personal Expenses,,false
Unknown Credit,Uncategorized Income,income,personal,Unknown Credit related to Uncategorized,Personal Expenses,,false
Bank Credit,Unknown Credit,income,personal,Bank Credit related to Uncategorized,Personal Expenses,,false
UPI Credit,Unknown Credit,income,personal,UPI Credit related to Uncategorized,Personal Expenses,,false
Wallet Credit,Unknown Credit,income,personal,Wallet Credit related to Uncategorized,Personal Expenses,,false
Other,Uncategorized,expense,personal,Other related to Uncategorized,Personal Expenses,,false
Miscellaneous,Other,expense,personal,Miscellaneous related to Uncategorized,Personal Expenses,,false
Cannot Classify,Miscellaneous,expense,personal,Cannot Classify related to Uncategorized,Personal Expenses,,false
One-off Expense,Miscellaneous,expense,personal,One-off Expense related to Uncategorized,Personal Expenses,,false
Business Investments,Investments,investment,business,"Investments held for business treasury, reserves, or strategic purposes.",Investments,,false
Business Fixed Deposits,Business Investments,investment,business,Business-owned fixed/term deposits.,Investments,,false
New Business Fixed Deposit,Business Fixed Deposits,investment,business,Placement of a new business fixed deposit.,Investments,,false
Business FD Renewal,Business Fixed Deposits,investment,business,Renewal of a maturing business fixed deposit.,Investments,,false
Business Mutual Funds,Business Investments,investment,business,Mutual fund investments made from business funds.,Investments,,false
Business Liquid Funds,Business Mutual Funds,investment,business,Liquid or money-market mutual funds for treasury management.,Investments,,false
Business Debt Funds,Business Mutual Funds,investment,business,Debt-oriented mutual fund investments held by the business.,Investments,,false
Business Bonds,Business Investments,investment,business,Government or corporate bonds held by the business.,Investments,,false
Government Securities,Business Bonds,investment,business,"Treasury bills, G-Secs, or similar government securities.",Investments,,false
Corporate Bonds,Business Bonds,investment,business,Corporate fixed-income securities.,Investments,,false
Strategic Equity Investments,Business Investments,investment,business,Equity investments in listed or unlisted entities made by the business.,Investments,,false
Listed Equity Investment,Strategic Equity Investments,investment,business,Listed shares held as a business investment.,Investments,,false
Unlisted Equity Investment,Strategic Equity Investments,investment,business,Unlisted or private-company equity investment.,Investments,,false
Business Transfers,Transfers,transfer,business,Transfers of business funds that should not be treated as revenue or expense.,Transfers,,false
Own Business Account Transfer,Business Transfers,transfer,business,Transfer between bank accounts belonging to the same business.,Transfers,,false
Current Account to Current Account,Own Business Account Transfer,transfer,business,Transfer between business current accounts.,Transfers,,false
Current Account to Savings Account,Own Business Account Transfer,transfer,business,Transfer from a business current account to another owned account.,Transfers,,false
Business UPI Transfer,Business Transfers,transfer,business,Non-expense business UPI money movement between owned accounts or wallets.,Transfers,,false
Business Wallet Top-up,Business Transfers,transfer,business,Funding of a business wallet or prepaid balance.,Transfers,,false
Business Cash Withdrawal,Business Transfers,transfer,business,Cash withdrawn from a business account pending final expense allocation.,Transfers,,false
Business Cash Deposit,Business Transfers,transfer,business,Cash deposited into a business account when it is not new revenue.,Transfers,,false
Business Credit Card Payment,Business Transfers,transfer,business,Settlement of a business credit-card balance; underlying card purchases carry the expense categories.,Transfers,,false
Business Loan Account Transfer,Business Transfers,transfer,business,Movement of funds to or from a business loan account where the transfer itself is not an expense.,Transfers,,false
Business Investment Account Transfer,Business Transfers,transfer,business,Transfer between business bank and brokerage/investment accounts.,Transfers,,false
Partner / Proprietor Capital Transfer,Business Transfers,transfer,business,"Capital introduced or withdrawn by proprietor/partners, treated as an equity transfer rather than revenue/expense.",Transfers,,false
Capital Introduced,Partner / Proprietor Capital Transfer,transfer,business,Owner or partner funds introduced into the business.,Transfers,,false
Drawings / Capital Withdrawn,Partner / Proprietor Capital Transfer,transfer,business,Owner or partner funds withdrawn from the business.,Transfers,,false
UPI & Digital Payments,Personal Expenses,expense,personal,Personal charges and fees specifically related to UPI or digital-payment usage when they are true expenses.,Personal Expenses,,false
UPI Convenience Fee,UPI & Digital Payments,expense,personal,Convenience or platform fee charged on a UPI-linked transaction.,Personal Expenses,,false
FASTag,Transportation & Commute,expense,personal,FASTag toll and related road-use charges.,Personal Expenses,,false
FASTag Toll Recharge,FASTag,expense,personal,Recharge or settlement attributable to road toll usage.,Personal Expenses,,false
Society & Apartment Charges,Housing & Rent,expense,personal,"Housing-society, apartment-association, and common-area charges.",Personal Expenses,,false
Society Maintenance,Society & Apartment Charges,expense,personal,Monthly or quarterly society maintenance.,Personal Expenses,,false
Sinking Fund,Society & Apartment Charges,expense,personal,Housing-society sinking-fund contribution.,Personal Expenses,,false
Domestic Help Salary,Domestic Help & Household Services,expense,personal,"Salary paid to maid, cook, driver, nanny, guard, or other household help.",Personal Expenses,,false
Maid,Domestic Help Salary,expense,personal,Housekeeping or maid wages.,Personal Expenses,,false
Cook,Domestic Help Salary,expense,personal,Household cook wages.,Personal Expenses,,false
Driver,Domestic Help Salary,expense,personal,Personal driver wages.,Personal Expenses,,false
EPF / Provident Fund,Personal Investments,investment,personal,Employee provident-fund contributions and related retirement savings.,Investments,,false
Employee EPF Contribution,EPF / Provident Fund,investment,personal,Employee share of EPF contribution.,Investments,,false
VPF Contribution,EPF / Provident Fund,investment,personal,Voluntary Provident Fund contribution.,Investments,,false
PPF,Personal Investments,investment,personal,Public Provident Fund savings.,Investments,,false
PPF Contribution,PPF,investment,personal,Contribution to a Public Provident Fund account.,Investments,,false
NPS,Personal Investments,investment,personal,National Pension System investment.,Investments,,false
NPS Tier I,NPS,investment,personal,NPS Tier I retirement contribution.,Investments,,false
NPS Tier II,NPS,investment,personal,NPS Tier II voluntary investment.,Investments,,false
SIP,Personal Investments,investment,personal,Systematic investment plan contributions.,Investments,,false
Mutual Fund SIP,SIP,investment,personal,Recurring SIP into a mutual fund.,Investments,,false
Gold Investment,Personal Investments,investment,personal,Investment exposure to gold.,Investments,,false
Sovereign Gold Bond,Gold Investment,investment,personal,Sovereign Gold Bond investment.,Investments,,false
Gold ETF,Gold Investment,investment,personal,Gold exchange-traded fund investment.,Investments,,false
Digital Gold,Gold Investment,investment,personal,Digitally held gold investment.,Investments,,false
GST Payments,Business Taxes & Compliance,expense,business,GST tax payments made by the business.,Business Expenses,,false
CGST,GST Payments,expense,business,Central GST payment.,Business Expenses,,false
SGST,GST Payments,expense,business,State GST payment.,Business Expenses,,false
IGST,GST Payments,expense,business,Integrated GST payment.,Business Expenses,,false
TDS Payments,Business Taxes & Compliance,expense,business,Tax deducted at source deposited by the business.,Business Expenses,,false
PF & ESI,Business Payroll & HR,expense,business,Employer PF/ESI and related statutory payroll contributions.,Business Expenses,,false
Employer PF Contribution,PF & ESI,expense,business,Employer provident-fund contribution.,Business Expenses,,false
Employer ESI Contribution,PF & ESI,expense,business,Employer Employees State Insurance contribution.,Business Expenses,,false
